"RK","Name","POS","Team","Bye","POS","ADP","FPTS","G","FPTS/G","TIER","ATT","CMP","YDS","TD","INT","ATT","YDS","TD","REC","YDS","TD","UP","DOWN","MOVE","TARGET","WIN"
"1","Jayden Daniels","QB","WAS","12","-","-","341.5","15","22.77","1","495","335","3596","23.0","9","146.2","851.5","5.5","-","-","-","-","-","-","-","-"
"2","Jalen Hurts","QB","PHI","9","-","-","333.1","15","22.21","1","431","284","3328","19.5","7","137.6","650.8","11.4","-","-","-","-","-","-","-","-"
"3","Josh Allen","QB","BUF","7","-","-","331.6","15","22.11","1","460","300","3378","24.4","6","106.9","543.3","9.0","-","-","-","-","-","-","-","-"
"4","Lamar Jackson","QB","BLT","7","-","-","327.7","15","21.85","1","411","275","3565","22.3","5","134.8","855.2","3.1","-","-","-","-","-","-","-","-"
"5","Joe Burrow","QB","CIN","10","-","-","320.2","15","21.35","2","573","396","4348","33.0","10","38.9","165.7","1.9","-","-","-","-","-","-","-","-"
"6","Ja'Marr Chase","WR","CIN","10","-","-","318.0","15","21.20","1","0","0","0","0","0","4.9","25.5","0.1","109.3","1428.8","10.6","-","-","-","-","-"
"7","Puka Nacua","WR","LA","8","-","-","315.2","15","21.01","1","0","0","0","0","0","12.5","72.3","0.5","112.9","1466.7","7.6","-","-","-","-","-"
"8","Saquon Barkley","RB","PHI","9","-","-","314.5","15","20.97","1","0","0","0","0","0","295.3","1567.3","11.2","46.4","338.8","2.0","-","-","-","-","-"
"9","Jahmyr Gibbs","RB","DET","8","-","-","306.4","15","20.42","1","0","0","0","0","0","217.2","1190.4","12.2","55.3","455.3","2.4","-","-","-","-","-"
"10","Bijan Robinson","RB","ATL","5","-","-","305.5","15","20.37","1","0","0","0","0","0","286.0","1303.2","11.9","53.6","396.0","2.1","-","-","-","-","-"
"11","Justin Jefferson","WR","MIN","6","-","-","287.8","15","19.19","2","0","0","0","0","0","-","-","-","100.5","1351.4","8.8","-","-","-","-","-"
"12","Christian McCaffrey","RB","SF","14","-","-","287.1","14.5","19.80","2","0","0","0","0","0","221.2","975.7","7.7","66.9","605.7","2.8","-","-","-","-","-"
"13","Malik Nabers","WR","NYG","14","-","-","283.6","14","20.26","2","0","0","0","0","0","3.9","17.1","0.1","98.6","1351.3","8.0","-","-","-","-","-"
"14","Brock Purdy","QB","SF","14","-","-","282.6","15","18.84","3","480","318","3928","22.1","12","67.4","360.0","2.7","-","-","-","-","-","-","-","-"
"15","Ashton Jeanty","RB","LV","8","-","-","281.4","15","18.76","2","0","0","0","0","0","276.8","1315.7","9.9","44.9","364.6","1.9","-","-","-","-","-"
"16","De'Von Achane","RB","MIA","12","-","-","281.0","15","18.74","2","0","0","0","0","0","199.6","890.4","7.3","71.9","551.4","3.8","-","-","-","-","-"
"17","CeeDee Lamb","WR","DAL","10","-","-","280.1","15","18.67","2","0","0","0","0","0","6.9","41.9","0.2","99.1","1259.5","8.4","-","-","-","-","-"
"18","Patrick Mahomes","QB","KC","10","-","-","280.0","15","18.67","3","525","360","3747","25.2","10","61.2","328.4","1.6","-","-","-","-","-","-","-","-"
"19","Dak Prescott","QB","DAL","10","-","-","274.5","15","18.30","3","544","362","3945","26.9","14","38.5","163.5","1.6","-","-","-","-","-","-","-","-"
"20","Baker Mayfield","QB","TB","9","-","-","274.2","15","18.28","3","502","338","3809","26.4","13","53.2","269.1","1.0","-","-","-","-","-","-","-","-"
"21","Kyler Murray","QB","ARZ","8","-","-","273.0","15","18.20","3","505","338","3590","21.6","10","63.5","443.3","2.1","-","-","-","-","-","-","-","-"
"22","Derrick Henry","RB","BLT","7","-","-","272.8","15","18.19","2","0","0","0","0","0","290.7","1590.5","13.2","16.6","155.9","0.7","-","-","-","-","-"
"23","Drake Maye","QB","NE","14","-","-","271.1","15","18.08","3","457","309","3351","20.3","11","94.8","584.7","2.3","-","-","-","-","-","-","-","-"
"24","J.J. McCarthy","QB","MIN","6","-","-","270.5","15","18.03","3","536","355","3929","24.5","13","59.8","237.0","1.3","-","-","-","-","-","-","-","-"
"25","Bo Nix","QB","DEN","12","-","-","267.4","15","17.82","4","489","323","3342","23.0","10","74.8","387.2","2.4","-","-","-","-","-","-","-","-"
"26","Trevor Lawrence","QB","JAX","8","-","-","266.4","15","17.76","4","519","345","3853","22.9","14","53.8","259.1","2.0","-","-","-","-","-","-","-","-"
"27","Caleb Williams","QB","CHI","5","-","-","264.9","15","17.66","4","500","325","3517","21.8","9","66.6","395.9","1.6","-","-","-","-","-","-","-","-"
"28","Brian Thomas Jr.","WR","JAX","8","-","-","263.2","15","17.55","3","0","0","0","0","0","5.9","42.1","0.0","89.8","1224.4","7.8","-","-","-","-","-"
"29","Jordan Love","QB","GB","5","-","-","261.4","15","17.43","4","485","315","3702","26.1","12","33.4","162.4","1.1","-","-","-","-","-","-","-","-"
"30","Justin Herbert","QB","LAC","12","-","-","258.1","15","17.21","4","500","328","3777","21.2","8","51.9","239.8","1.5","-","-","-","-","-","-","-","-"
"31","Ladd McConkey","WR","LAC","12","-","-","256.4","15","17.09","3","0","0","0","0","0","-","-","-","89.9","1301.8","6.2","-","-","-","-","-"
"32","C.J. Stroud","QB","HST","6","-","-","256.1","15","17.07","4","490","315","3719","20.9","10","53.1","271.8","1.7","-","-","-","-","-","-","-","-"
"33","Drake London","WR","ATL","5","-","-","255.9","15","17.06","3","0","0","0","0","0","1.9","3.1","0.1","92.2","1157.9","8.0","-","-","-","-","-"
"34","Justin Fields","QB","NYJ","9","-","-","255.8","14","18.27","4","405","261","2751","13.9","10","126.2","733.6","5.4","-","-","-","-","-","-","-","-"
"35","Jared Goff","QB","DET","8","-","-","255.6","15","17.04","4","512","352","3988","24.5","10","30.1","65.8","0.7","-","-","-","-","-","-","-","-"
"36","Nico Collins","WR","HST","6","-","-","254.9","15","16.99","3","0","0","0","0","0","-","-","-","82.8","1274.8","7.5","-","-","-","-","-"
"37","Amon-Ra St. Brown","WR","DET","8","-","-","254.6","15","16.98","3","0","0","0","0","0","2.5","15.1","0.1","93.2","1145.6","7.6","-","-","-","-","-"
"38","Bucky Irving","RB","TB","9","-","-","253.7","15","16.91","3","0","0","0","0","0","238.4","1181.1","8.1","43.1","352.9","1.7","-","-","-","-","-"
"39","Tua Tagovailoa","QB","MIA","12","-","-","251.9","15","16.79","5","537","375","3929","24.2","11","29.8","83.4","0.7","-","-","-","-","-","-","-","-"
"40","Rashee Rice","WR","KC","10","-","-","250.6","15","16.70","3","0","0","0","0","0","1.1","4.0","0.0","96.5","1142.7","6.7","-","-","-","-","-"
"41","Matthew Stafford","QB","LA","8","-","-","249.8","15","16.65","5","515","346","3868","24.5","10","28.5","41.4","0.9","-","-","-","-","-","-","-","-"
"42","Jonathan Taylor","RB","IND","11","-","-","249.7","14","17.84","3","0","0","0","0","0","260.6","1219.5","10.0","37.1","257.0","1.1","-","-","-","-","-"
"43","Chase Brown","RB","CIN","10","-","-","248.9","15","16.59","3","0","0","0","0","0","230.2","996.2","8.3","49.9","354.1","2.6","-","-","-","-","-"
"44","Davante Adams","WR","LA","8","-","-","248.8","15","16.59","3","0","0","0","0","0","-","-","-","90.2","1093.8","8.3","-","-","-","-","-"
"45","Tyreek Hill","WR","MIA","12","-","-","248.1","15","16.54","4","0","0","0","0","0","4.8","30.2","0.1","89.7","1116.2","7.3","-","-","-","-","-"
"46","Josh Jacobs","RB","GB","5","-","-","247.4","15","16.49","3","0","0","0","0","0","255.7","1114.9","11.1","34.2","308.7","1.0","-","-","-","-","-"
"47","Aaron Rodgers","QB","PIT","5","-","-","243.9","15","16.26","5","505","328","3625","25.0","10","21.2","91.6","0.3","-","-","-","-","-","-","-","-"
"48","Tee Higgins","WR","CIN","10","-","-","243.9","14","17.42","4","0","0","0","0","0","-","-","-","82.6","1087.4","8.8","-","-","-","-","-"
"49","Trey McBride","TE","ARZ","8","-","-","242.9","15","16.20","1","0","0","0","0","0","-","-","-","103.7","1058.0","5.7","-","-","-","-","-"
"50","A.J. Brown","WR","PHI","9","-","-","241.4","15","16.09","4","0","0","0","0","0","-","-","-","78.8","1197.9","7.2","-","-","-","-","-"
"51","Michael Penix Jr.","QB","ATL","5","-","-","240.6","15","16.04","5","483","311","3659","20.8","13","37.7","129.7","2.3","-","-","-","-","-","-","-","-"
"52","Bryce Young","QB","CAR","14","-","-","240.6","15","16.04","5","494","314","3218","20.7","10","55.9","334.8","1.7","-","-","-","-","-","-","-","-"
"53","Geno Smith","QB","LV","8","-","-","240.5","15","16.03","5","499","343","3641","20.1","11","46.5","208.4","1.3","-","-","-","-","-","-","-","-"
"54","Cameron Ward","QB","TEN","10","-","-","235.4","15","15.69","6","483","313","3460","20.1","11","49.3","241.8","1.1","-","-","-","-","-","-","-","-"
"55","Kenneth Walker III","RB","SEA","8","-","-","233.5","14","16.68","4","0","0","0","0","0","228.4","928.5","9.5","44.8","321.0","1.3","-","-","-","-","-"
"56","Sam Darnold","QB","SEA","8","-","-","233.0","15","15.53","6","492","315","3487","20.3","11","51.4","215.2","1.1","-","-","-","-","-","-","-","-"
"57","Kyren Williams","RB","LA","8","-","-","232.7","14","16.62","4","0","0","0","0","0","270.0","1178.5","10.1","28.2","176.2","1.7","-","-","-","-","-"
"58","Jaylen Waddle","WR","MIA","12","-","-","232.4","15","15.49","5","0","0","0","0","0","1.5","7.8","0.1","86.1","1079.4","6.3","-","-","-","-","-"
"59","Alvin Kamara","RB","NO","11","-","-","231.1","14","16.51","4","0","0","0","0","0","202.0","827.7","5.5","60.3","464.3","1.6","-","-","-","-","-"
"60","Chuba Hubbard","RB","CAR","14","-","-","227.9","15","15.19","4","0","0","0","0","0","223.4","987.8","9.0","43.7","254.6","1.2","-","-","-","-","-"
"61","DK Metcalf","WR","PIT","5","-","-","226.9","15","15.13","5","0","0","0","0","0","-","-","-","74.6","1043.0","8.1","-","-","-","-","-"
"62","James Conner","RB","ARZ","8","-","-","226.7","15","15.12","4","0","0","0","0","0","215.6","1021.3","8.2","39.5","320.5","0.9","-","-","-","-","-"
"63","Mike Evans","WR","TB","9","-","-","225.0","15","15.00","5","0","0","0","0","0","-","-","-","69.7","1028.9","8.8","-","-","-","-","-"
"64","Breece Hall","RB","NYJ","9","-","-","224.2","15","14.95","4","0","0","0","0","0","239.9","1047.1","6.2","40.8","342.8","1.5","-","-","-","-","-"
"65","Garrett Wilson","WR","NYJ","9","-","-","221.6","15","14.78","5","0","0","0","0","0","0.9","2.7","0.0","83.5","1039.3","5.8","-","-","-","-","-"
"66","Brock Bowers","TE","LV","8","-","-","220.6","15","14.71","2","0","0","0","0","0","-","-","-","89.4","986.9","5.5","-","-","-","-","-"
"67","Jaxon Smith-Njigba","WR","SEA","8","-","-","220.3","15","14.69","5","0","0","0","0","0","4.6","24.5","0.0","79.6","1012.2","6.2","-","-","-","-","-"
"68","James Cook","RB","BUF","7","-","-","218.5","15","14.56","5","0","0","0","0","0","216.5","1043.0","9.9","26.2","223.8","1.3","-","-","-","-","-"
"69","DJ Moore","WR","CHI","5","-","-","216.8","15","14.45","6","0","0","0","0","0","7.1","38.8","0.2","82.1","959.4","5.7","-","-","-","-","-"
"70","Courtland Sutton","WR","DEN","12","-","-","214.2","15","14.28","6","0","0","0","0","0","-","-","-","72.2","946.7","8.0","-","-","-","-","-"
"71","Daniel Jones","QB","IND","11","-","-","213.7","13","16.44","7","433","275","2843","14.1","9","77.4","402.1","2.6","-","-","-","-","-","-","-","-"
"72","Terry McLaurin","WR","WAS","12","-","-","210.6","15","14.04","6","0","0","0","0","0","0.6","2.4","0.0","72.8","997.4","6.4","-","-","-","-","-"
"73","Jerry Jeudy","WR","CLV","9","-","-","209.5","15","13.96","6","0","0","0","0","0","-","-","-","79.5","1013.1","4.8","-","-","-","-","-"
"74","Omarion Hampton","RB","LAC","12","-","-","208.5","15","13.90","5","0","0","0","0","0","213.7","970.4","8.5","32.0","237.6","1.1","-","-","-","-","-"
"75","Calvin Ridley","WR","TEN","10","-","-","208.4","15","13.90","6","0","0","0","0","0","6.6","40.3","0.1","67.6","1013.3","5.9","-","-","-","-","-"
"76","RJ Harvey","RB","DEN","12","-","-","208.3","15","13.89","5","0","0","0","0","0","176.7","800.7","5.2","49.4","366.1","2.1","-","-","-","-","-"
"77","Marvin Harrison Jr.","WR","ARZ","8","-","-","208.1","15","13.88","6","0","0","0","0","0","-","-","-","69.7","922.4","7.8","-","-","-","-","-"
"78","Aaron Jones","RB","MIN","6","-","-","207.2","15","13.82","5","0","0","0","0","0","197.7","863.3","4.8","46.4","343.2","2.2","-","-","-","-","-"
"79","Tetairoa McMillan","WR","CAR","14","-","-","205.5","15","13.70","6","0","0","0","0","0","-","-","-","75.7","916.4","6.4","-","-","-","-","-"
"80","George Kittle","TE","SF","14","-","-","204.9","15","13.66","3","0","0","0","0","0","-","-","-","68.8","1016.8","5.8","-","-","-","-","-"
"81","Chris Godwin","WR","TB","9","-","-","203.4","14","14.53","6","0","0","0","0","0","2.6","13.3","0.1","76.7","923.3","5.5","-","-","-","-","-"
"82","Tony Pollard","RB","TEN","10","-","-","202.9","15","13.53","6","0","0","0","0","0","227.4","989.3","6.5","38.3","208.8","1.2","-","-","-","-","-"
"83","Joe Mixon","RB","HST","6","-","-","202.9","15","13.52","6","0","0","0","0","0","205.3","870.0","8.0","35.0","270.2","1.2","-","-","-","-","-"
"84","Travis Hunter","WR","JAX","8","-","-","201.8","15","13.45","7","0","0","0","0","0","-","-","-","74.9","924.3","5.8","-","-","-","-","-"
"85","Zay Flowers","WR","BLT","7","-","-","201.4","15","13.43","7","0","0","0","0","0","7.4","46.4","0.2","68.4","952.3","5.4","-","-","-","-","-"
"86","David Montgomery","RB","DET","8","-","-","201.0","15","13.40","6","0","0","0","0","0","188.2","781.4","10.8","31.8","250.6","0.4","-","-","-","-","-"
"87","Quinshon Judkins","RB","CLV","9","-","-","197.0","15","13.13","6","0","0","0","0","0","206.4","936.9","7.1","33.1","236.0","0.9","-","-","-","-","-"
"88","DeVonta Smith","WR","PHI","9","-","-","196.9","15","13.12","7","0","0","0","0","0","0.3","1.1","0.0","68.7","925.3","6.0","-","-","-","-","-"
"89","Jordan Addison","WR","MIN","6","-","-","196.5","14.5","13.55","7","0","0","0","0","0","1.0","5.7","0.0","71.1","888.9","6.0","-","-","-","-","-"
"90","Jaxson Dart","QB","NYG","14","-","-","196.5","11","17.86","8","360","229","2599","14.5","8","60.7","344.3","1.8","-","-","-","-","-","-","-","-"
"91","Jakobi Meyers","WR","LV","8","-","-","195.2","15","13.01","7","0","0","0","0","0","-","-","-","75.2","899.4","5.1","-","-","-","-","-"
"92","Tyler Shough","QB","NO","11","-","-","194.8","14","13.92","8","458","271","2969","16.3","12","39.0","204.6","0.8","-","-","-","-","-","-","-","-"
"93","Jameson Williams","WR","DET","8","-","-","193.0","15","12.87","7","0","0","0","0","0","11.9","109.4","0.4","58.2","897.6","5.4","-","-","-","-","-"
"94","D'Andre Swift","RB","CHI","5","-","-","192.5","15","12.83","6","0","0","0","0","0","199.2","815.6","5.7","38.1","325.6","1.2","-","-","-","-","-"
"95","George Pickens","WR","DAL","10","-","-","190.9","15","12.73","7","0","0","0","0","0","0.7","2.5","0.1","64.8","917.3","5.7","-","-","-","-","-"
"96","Xavier Worthy","WR","KC","10","-","-","187.6","15","12.51","7","0","0","0","0","0","12.8","66.6","0.4","65.3","812.6","5.4","-","-","-","-","-"
"97","Deebo Samuel Sr.","WR","WAS","12","-","-","184.9","15","12.33","8","0","0","0","0","0","33.5","133.8","1.7","61.3","745.5","4.3","-","-","-","-","-"
"98","Sam LaPorta","TE","DET","8","-","-","182.0","15","12.13","4","0","0","0","0","0","-","-","-","69.1","752.3","6.3","-","-","-","-","-"
"99","Isiah Pacheco","RB","KC","10","-","-","181.2","15","12.08","7","0","0","0","0","0","209.8","878.6","6.7","29.8","184.3","1.1","-","-","-","-","-"
"100","TreVeyon Henderson","RB","NE","14","-","-","180.2","15","12.01","7","0","0","0","0","0","176.4","816.8","5.3","32.9","267.4","1.4","-","-","-","-","-"
"101","Kaleb Johnson","RB","PIT","5","-","-","179.2","15","11.95","7","0","0","0","0","0","223.2","991.7","6.6","22.2","152.8","0.7","-","-","-","-","-"
"102","Josh Downs","WR","IND","11","-","-","179.0","15","11.93","8","0","0","0","0","0","0.4","2.3","0.0","74.2","803.3","4.1","-","-","-","-","-"
"103","Travis Kelce","TE","KC","10","-","-","178.7","15","11.91","4","0","0","0","0","0","-","-","-","74.7","699.5","5.8","-","-","-","-","-"
"104","Khalil Shakir","WR","BUF","7","-","-","178.3","15","11.89","8","0","0","0","0","0","0.7","3.3","0.0","71.4","786.7","4.7","-","-","-","-","-"
"105","Tyrone Tracy Jr.","RB","NYG","14","-","-","177.4","15","11.83","7","0","0","0","0","0","168.2","730.4","4.5","40.4","297.1","1.5","-","-","-","-","-"
"106","Bhayshul Tuten","RB","JAX","8","-","-","177.2","15","11.82","7","0","0","0","0","0","180.6","818.4","5.3","34.3","242.2","1.1","-","-","-","-","-"
"107","Michael Pittman","WR","IND","11","-","-","171.5","15","11.44","8","0","0","0","0","0","-","-","-","69.1","793.7","3.9","-","-","-","-","-"
"108","Jauan Jennings","WR","SF","14","-","-","170.9","15","11.39","8","0","0","0","0","0","-","-","-","62.7","791.7","4.9","-","-","-","-","-"
"109","Chris Olave","WR","NO","11","-","-","170.0","15","11.33","8","0","0","0","0","0","0.6","4.2","0.0","64.2","812.7","4.1","-","-","-","-","-"
"110","Stefon Diggs","WR","NE","14","-","-","168.2","14","12.02","9","0","0","0","0","0","-","-","-","66.5","748.5","4.6","-","-","-","-","-"
"111","Rome Odunze","WR","CHI","5","-","-","167.7","15","11.18","9","0","0","0","0","0","1.1","6.4","0.0","59.0","772.1","5.3","-","-","-","-","-"
"112","Jayden Reed","WR","GB","5","-","-","167.5","15","11.17","9","0","0","0","0","0","6.9","55.7","0.1","54.7","746.1","5.4","-","-","-","-","-"
"113","Darnell Mooney","WR","ATL","5","-","-","167.5","15","11.17","9","0","0","0","0","0","-","-","-","56.9","853.9","4.2","-","-","-","-","-"
"114","Brian Robinson","RB","WAS","12","-","-","166.0","15","11.06","8","0","0","0","0","0","184.5","778.3","7.7","21.8","164.5","0.8","-","-","-","-","-"
"115","T.J. Hockenson","TE","MIN","6","-","-","160.0","15","10.67","5","0","0","0","0","0","-","-","-","66.7","712.1","3.7","-","-","-","-","-"
"116","David Njoku","TE","CLV","9","-","-","158.0","15","10.53","5","0","0","0","0","0","-","-","-","68.9","639.5","4.3","-","-","-","-","-"
"117","Dallas Goedert","TE","PHI","9","-","-","156.0","15","10.40","5","0","0","0","0","0","-","-","-","63.5","720.2","3.5","-","-","-","-","-"
"118","Mark Andrews","TE","BLT","7","-","-","155.2","15","10.35","5","0","0","0","0","0","6.5","13.1","0.1","52.2","691.6","5.4","-","-","-","-","-"
"119","Quentin Johnston","WR","LAC","12","-","-","154.7","15","10.32","9","0","0","0","0","0","1.0","4.3","0.0","57.0","690.0","4.7","-","-","-","-","-"
"120","Rashid Shaheed","WR","NO","11","-","-","154.3","15","10.29","9","0","0","0","0","0","7.9","49.4","0.1","50.4","750.6","4.0","-","-","-","-","-"
"121","Evan Engram","TE","DEN","12","-","-","153.2","15","10.21","5","0","0","0","0","0","-","-","-","67.1","607.1","4.3","-","-","-","-","-"
"122","Austin Ekeler","RB","WAS","12","-","-","152.8","15","10.19","8","0","0","0","0","0","81.7","352.9","3.0","49.8","397.8","1.8","-","-","-","-","-"
"123","Jaylen Warren","RB","PIT","5","-","-","152.8","15","10.19","8","0","0","0","0","0","123.8","545.7","3.1","41.2","299.4","1.6","-","-","-","-","-"
"124","Tyjae Spears","RB","TEN","10","-","-","151.5","14","10.82","8","0","0","0","0","0","121.3","510.2","4.1","39.0","298.5","1.3","-","-","-","-","-"
"125","Zach Ertz","TE","WAS","12","-","-","150.6","14","10.75","5","0","0","0","0","0","-","-","-","59.6","579.4","5.5","-","-","-","-","-"
"126","Hunter Henry","TE","NE","14","-","-","146.8","15","9.79","5","0","0","0","0","0","-","-","-","57.2","622.7","4.6","-","-","-","-","-"
"127","Brenton Strange","TE","JAX","8","-","-","146.7","15","9.78","5","0","0","0","0","0","-","-","-","61.1","603.3","4.3","-","-","-","-","-"
"128","Rachaad White","RB","TB","9","-","-","146.6","15","9.78","9","0","0","0","0","0","123.4","514.6","2.7","39.6","310.7","1.5","-","-","-","-","-"
"129","Jonnu Smith","TE","PIT","5","-","-","144.7","15","9.64","6","0","0","0","0","0","0.7","2.7","0.0","56.3","629.4","4.2","-","-","-","-","-"
"130","Colston Loveland","TE","CHI","5","-","-","144.2","15","9.61","6","0","0","0","0","0","-","-","-","56.8","628.4","4.2","-","-","-","-","-"
"131","Cedric Tillman","WR","CLV","9","-","-","143.6","14","10.26","10","0","0","0","0","0","-","-","-","55.5","672.7","3.6","-","-","-","-","-"
"132","Ricky Pearsall","WR","SF","14","-","-","142.6","15","9.51","10","0","0","0","0","0","5.7","32.3","0.2","50.0","654.2","3.9","-","-","-","-","-"
"133","Theo Johnson","TE","NYG","14","-","-","142.3","15","9.49","6","0","0","0","0","0","-","-","-","56.3","636.0","3.8","-","-","-","-","-"
"134","Adam Thielen","WR","CAR","14","-","-","141.8","14","10.13","10","0","0","0","0","0","-","-","-","56.0","623.3","4.0","-","-","-","-","-"
"135","Javonte Williams","RB","DAL","10","-","-","141.7","14","10.12","9","0","0","0","0","0","134.9","507.6","3.9","36.6","237.5","1.3","-","-","-","-","-"
"136","Zach Charbonnet","RB","SEA","8","-","-","141.6","15","9.44","9","0","0","0","0","0","122.1","519.3","4.7","32.3","246.2","0.8","-","-","-","-","-"
"137","Emeka Egbuka","WR","TB","9","-","-","140.8","15","9.39","10","0","0","0","0","0","-","-","-","51.8","643.5","4.2","-","-","-","-","-"
"138","Jake Ferguson","TE","DAL","10","-","-","140.8","15","9.38","6","0","0","0","0","0","-","-","-","57.7","563.3","4.5","-","-","-","-","-"
"139","Mike Gesicki","TE","CIN","10","-","-","140.3","15","9.35","6","0","0","0","0","0","-","-","-","58.3","583.1","4.0","-","-","-","-","-"
"140","Tucker Kraft","TE","GB","5","-","-","138.8","15","9.25","6","0","0","0","0","0","2.7","4.5","0.0","50.3","630.4","4.2","-","-","-","-","-"
"141","Matthew Golden","WR","GB","5","-","-","138.7","15","9.24","10","0","0","0","0","0","-","-","-","48.2","634.2","4.6","-","-","-","-","-"
"142","Romeo Doubs","WR","GB","5","-","-","137.8","15","9.18","10","0","0","0","0","0","-","-","-","50.0","614.2","4.5","-","-","-","-","-"
"143","Keon Coleman","WR","BUF","7","-","-","137.6","15","9.17","10","0","0","0","0","0","-","-","-","43.7","631.7","5.2","-","-","-","-","-"
"144","Wan'Dale Robinson","WR","NYG","14","-","-","136.5","15","9.10","10","0","0","0","0","0","1.1","6.8","0.0","61.3","576.8","2.8","-","-","-","-","-"
"145","Dalton Kincaid","TE","BUF","7","-","-","132.9","15","8.86","6","0","0","0","0","0","-","-","-","52.7","546.1","4.3","-","-","-","-","-"
"146","Tutu Atwell","WR","LA","8","-","-","131.3","15","8.75","10","0","0","0","0","0","0.6","3.2","0.0","49.2","630.7","3.1","-","-","-","-","-"
"147","Calvin Austin III","WR","PIT","5","-","-","130.7","15","8.71","10","0","0","0","0","0","-","-","-","45.6","618.9","3.9","-","-","-","-","-"
"148","Ray-Ray McCloud","WR","ATL","5","-","-","127.5","15","8.50","11","0","0","0","0","0","7.6","60.1","0.3","51.3","557.6","2.2","-","-","-","-","-"
"149","Tyler Warren","TE","IND","11","-","-","125.4","15","8.36","7","0","0","0","0","0","-","-","-","51.6","562.0","3.0","-","-","-","-","-"
"150","Michael Wilson","WR","ARZ","8","-","-","125.3","15","8.35","11","0","0","0","0","0","2.2","14.7","0.1","45.3","561.8","3.7","-","-","-","-","-"
"151","Andrei Iosivas","WR","CIN","10","-","-","124.4","15","8.30","11","0","0","0","0","0","-","-","-","43.9","550.9","4.3","-","-","-","-","-"
"152","Marvin Mims Jr.","WR","DEN","12","-","-","124.4","15","8.29","11","0","0","0","0","0","13.5","44.0","0.1","45.9","540.4","3.3","-","-","-","-","-"
"153","Cooper Kupp","WR","SEA","8","-","-","124.0","14","8.86","11","0","0","0","0","0","-","-","-","47.2","551.0","3.7","-","-","-","-","-"
"154","Tre Harris","WR","LAC","12","-","-","123.0","15","8.20","11","0","0","0","0","0","-","-","-","47.2","557.2","3.4","-","-","-","-","-"
"155","Jayden Higgins","WR","HST","6","-","-","122.2","15","8.15","11","0","0","0","0","0","-","-","-","45.9","565.7","3.3","-","-","-","-","-"
"156","Darius Slayton","WR","NYG","14","-","-","122.0","15","8.13","11","0","0","0","0","0","-","-","-","42.4","594.5","3.4","-","-","-","-","-"
"157","Dyami Brown","WR","JAX","8","-","-","120.9","15","8.06","11","0","0","0","0","0","-","-","-","47.0","563.5","3.0","-","-","-","-","-"
"158","Kyle Pitts","TE","ATL","5","-","-","120.4","15","8.03","7","0","0","0","0","0","-","-","-","43.5","555.9","3.6","-","-","-","-","-"
"159","Rashod Bateman","WR","BLT","7","-","-","119.6","15","7.97","11","0","0","0","0","0","-","-","-","36.9","623.9","3.4","-","-","-","-","-"
"160","Juwan Johnson","TE","NO","11","-","-","119.1","15","7.94","7","0","0","0","0","0","-","-","-","49.5","509.0","3.2","-","-","-","-","-"
"161","Tyler Lockett","WR","TEN","10","-","-","117.6","15","7.84","11","0","0","0","0","0","-","-","-","44.2","536.7","3.3","-","-","-","-","-"
"162","Christian Kirk","WR","HST","6","-","-","117.1","15","7.81","11","0","0","0","0","0","-","-","-","43.7","542.8","3.2","-","-","-","-","-"
"163","Cam Skattebo","RB","NYG","14","-","-","116.0","15","7.73","10","0","0","0","0","0","128.5","554.3","4.3","18.5","133.5","0.7","-","-","-","-","-"
"164","Mason Taylor","TE","NYJ","9","-","-","114.6","15","7.64","7","0","0","0","0","0","-","-","-","48.2","495.4","2.9","-","-","-","-","-"
"165","Trey Benson","RB","ARZ","8","-","-","114.3","15","7.62","10","0","0","0","0","0","123.9","600.9","3.2","18.8","150.1","0.4","-","-","-","-","-"
"166","Dalton Schultz","TE","HST","6","-","-","114.2","15","7.61","7","0","0","0","0","0","-","-","-","48.2","486.0","2.9","-","-","-","-","-"
"167","Josh Palmer","WR","BUF","7","-","-","114.0","15","7.60","11","0","0","0","0","0","-","-","-","37.9","530.2","3.9","-","-","-","-","-"
"168","Isaiah Likely","TE","BLT","7","-","-","113.0","15","7.53","7","0","0","0","0","0","-","-","-","40.6","505.7","3.7","-","-","-","-","-"
"169","Cade Otton","TE","TB","9","-","-","112.8","15","7.52","7","0","0","0","0","0","-","-","-","45.8","453.7","3.7","-","-","-","-","-"
"170","Jack Bech","WR","LV","8","-","-","110.6","15","7.37","12","0","0","0","0","0","-","-","-","43.2","502.7","2.9","-","-","-","-","-"
"171","Xavier Legette","WR","CAR","14","-","-","110.4","15","7.36","12","0","0","0","0","0","3.3","13.6","0.1","41.2","472.2","3.4","-","-","-","-","-"
"172","Luther Burden III","WR","CHI","5","-","-","110.1","15","7.34","12","0","0","0","0","0","3.6","21.8","0.1","44.2","460.4","2.9","-","-","-","-","-"
"173","KaVontae Turpin","WR","DAL","10","-","-","108.5","15","7.24","12","0","0","0","0","0","13.5","88.5","0.3","35.5","448.4","3.1","-","-","-","-","-"
"174","DeMario Douglas","WR","NE","14","-","-","108.1","15","7.21","12","0","0","0","0","0","1.5","8.9","0.0","45.7","471.5","2.4","-","-","-","-","-"
"175","Najee Harris","RB","LAC","12","-","-","107.7","15","7.18","10","0","0","0","0","0","116.1","475.7","3.6","20.5","149.3","0.6","-","-","-","-","-"
"176","Justice Hill","RB","BLT","7","-","-","107.7","15","7.18","10","0","0","0","0","0","52.3","253.2","1.0","36.3","319.1","1.5","-","-","-","-","-"
"177","Chig Okonkwo","TE","TEN","10","-","-","107.5","15","7.17","8","0","0","0","0","0","-","-","-","46.1","461.6","2.6","-","-","-","-","-"
"178","Rhamondre Stevenson","RB","NE","14","-","-","107.3","14","7.67","10","0","0","0","0","0","131.0","510.3","4.0","18.3","115.4","0.6","-","-","-","-","-"
"179","Noah Fant","TE","SEA","8","-","-","107.1","15","7.14","8","0","0","0","0","0","-","-","-","43.4","468.5","2.8","-","-","-","-","-"
"180","Ty Johnson","RB","BUF","7","-","-","104.7","15","6.98","10","0","0","0","0","0","78.4","369.1","2.1","25.1","227.4","1.3","-","-","-","-","-"
"181","Joe Flacco","QB","CLV","9","-","-","103.6","7","14.79","9","253","167","1754","9.8","6","7.4","19.3","0.1","-","-","-","-","-","-","-","-"
"182","Pat Freiermuth","TE","PIT","5","-","-","102.6","15","6.84","8","0","0","0","0","0","-","-","-","41.1","436.2","3.0","-","-","-","-","-"
"183","Kyle Williams","WR","NE","14","-","-","100.1","15","6.67","12","0","0","0","0","0","-","-","-","37.7","454.9","2.9","-","-","-","-","-"
"184","Marquise Brown","WR","KC","10","-","-","99.4","13","7.65","12","0","0","0","0","0","-","-","-","37.6","446.8","2.9","-","-","-","-","-"
"185","Brandon Aiyuk","WR","SF","14","-","-","99.3","9","11.04","12","0","0","0","0","0","-","-","-","35.1","476.6","2.8","-","-","-","-","-"
"186","Diontae Johnson","WR","CLV","9","-","-","99.3","13","7.63","12","0","0","0","0","0","0.8","4.4","0.0","39.7","447.6","2.4","-","-","-","-","-"
"187","Jordan Mason","RB","MIN","6","-","-","97.8","12","8.15","11","0","0","0","0","0","96.8","478.6","3.0","16.5","125.2","0.6","-","-","-","-","-"
"188","Jaydon Blue","RB","DAL","10","-","-","97.4","15","6.49","11","0","0","0","0","0","120.8","520.3","3.1","15.0","102.9","0.5","-","-","-","-","-"
"189","Brandin Cooks","WR","NO","11","-","-","96.3","14","6.88","12","0","0","0","0","0","-","-","-","37.4","418.1","2.9","-","-","-","-","-"
"190","Russell Wilson","QB","NYG","14","-","-","94.9","6","15.82","9","206","131","1390","8.0","4","21.9","99.9","0.4","-","-","-","-","-","-","-","-"
"191","Alec Pierce","WR","IND","11","-","-","94.4","15","6.29","13","0","0","0","0","0","-","-","-","33.7","465.6","2.4","-","-","-","-","-"
"192","Roschon Johnson","RB","CHI","5","-","-","93.9","14","6.71","11","0","0","0","0","0","110.9","436.7","5.1","10.7","75.2","0.3","-","-","-","-","-"
"193","Tyler Allgeier","RB","ATL","5","-","-","93.7","15","6.25","11","0","0","0","0","0","124.0","548.4","3.1","10.9","83.7","0.3","-","-","-","-","-"
"194","Dontayvion Wicks","WR","GB","5","-","-","92.0","15","6.13","13","0","0","0","0","0","-","-","-","31.7","401.1","3.4","-","-","-","-","-"
"195","MarShawn Lloyd","RB","GB","5","-","-","90.3","14","6.45","11","0","0","0","0","0","88.3","377.4","3.1","18.2","128.8","0.6","-","-","-","-","-"
"196","Jalen Nailor","WR","MIN","6","-","-","90.2","14","6.44","13","0","0","0","0","0","0.9","3.0","0.0","33.7","402.4","2.7","-","-","-","-","-"
"197","Keenan Allen","WR","FA","","-","-","89.3","13","6.87","13","0","0","0","0","0","-","-","-","35.5","388.6","2.5","-","-","-","-","-"
"198","Devaughn Vele","WR","DEN","12","-","-","88.7","15","5.91","13","0","0","0","0","0","-","-","-","35.0","399.4","2.3","-","-","-","-","-"
"199","Josh Reynolds","WR","NYJ","9","-","-","88.1","14","6.29","13","0","0","0","0","0","-","-","-","33.6","420.8","2.1","-","-","-","-","-"
"200","Dylan Sampson","RB","CLV","9","-","-","87.1","15","5.81","11","0","0","0","0","0","95.5","410.5","2.2","18.0","128.0","0.5","-","-","-","-","-"
"201","Jerome Ford","RB","CLV","9","-","-","87.0","14","6.21","11","0","0","0","0","0","96.6","421.9","2.2","17.9","118.7","0.4","-","-","-","-","-"
"202","Dillon Gabriel","QB","CLV","9","-","-","86.2","6","14.37","10","209","133","1361","6.8","5","19.3","88.0","0.3","-","-","-","-","-","-","-","-"
"203","Travis Etienne","RB","JAX","8","-","-","86.2","15","5.74","11","0","0","0","0","0","84.6","313.1","1.9","24.2","169.4","0.5","-","-","-","-","-"
"204","Tyler Higbee","TE","LA","8","-","-","85.5","14","6.11","9","0","0","0","0","0","-","-","-","37.0","326.0","2.7","-","-","-","-","-"
"205","Jaylin Noel","WR","HST","6","-","-","84.8","15","5.65","13","0","0","0","0","0","-","-","-","31.5","397.0","2.3","-","-","-","-","-"
"206","Van Jefferson","WR","TEN","10","-","-","84.2","15","5.61","13","0","0","0","0","0","-","-","-","30.5","393.8","2.4","-","-","-","-","-"
"207","Tre Tucker","WR","LV","8","-","-","82.6","15","5.51","13","0","0","0","0","0","3.4","20.1","0.1","30.9","369.0","2.1","-","-","-","-","-"
"208","Jaylen Wright","RB","MIA","12","-","-","81.7","15","5.45","12","0","0","0","0","0","87.0","344.0","2.5","17.3","118.8","0.7","-","-","-","-","-"
"209","Tank Bigsby","RB","JAX","8","-","-","80.6","15","5.37","12","0","0","0","0","0","101.9","448.2","3.3","9.8","65.7","0.1","-","-","-","-","-"
"210","Rico Dowdle","RB","CAR","14","-","-","80.5","15","5.37","12","0","0","0","0","0","88.4","387.8","1.9","17.4","107.1","0.5","-","-","-","-","-"
"211","Elijah Arroyo","TE","SEA","8","-","-","80.5","15","5.37","9","0","0","0","0","0","-","-","-","32.5","349.2","2.2","-","-","-","-","-"
"212","DeAndre Hopkins","WR","BLT","7","-","-","80.2","15","5.35","13","0","0","0","0","0","-","-","-","29.9","351.1","2.6","-","-","-","-","-"
"213","Nick Westbrook-Ikhine","WR","MIA","12","-","-","79.9","15","5.33","13","0","0","0","0","0","-","-","-","29.5","384.1","2.0","-","-","-","-","-"
"214","Dont'e Thornton Jr.","WR","LV","8","-","-","79.4","15","5.29","13","0","0","0","0","0","-","-","-","29.5","375.8","2.1","-","-","-","-","-"
"215","Jalen Coker","WR","CAR","14","-","-","78.3","15","5.22","14","0","0","0","0","0","-","-","-","30.2","365.6","2.0","-","-","-","-","-"
"216","Darren Waller","TE","MIA","12","-","-","78.0","13","6.00","9","0","0","0","0","0","-","-","-","32.1","336.2","2.1","-","-","-","-","-"
"217","Malik Washington","WR","MIA","12","-","-","77.4","15","5.16","14","0","0","0","0","0","4.1","23.2","0.1","32.7","315.7","1.7","-","-","-","-","-"
"218","Will Shipley","RB","PHI","9","-","-","77.3","15","5.15","12","0","0","0","0","0","86.9","431.1","2.5","10.5","75.7","0.3","-","-","-","-","-"
"219","Ja'Tavion Sanders","TE","CAR","14","-","-","77.2","15","5.15","9","0","0","0","0","0","-","-","-","32.9","321.4","2.1","-","-","-","-","-"
"220","Tim Patrick","WR","DET","8","-","-","77.2","15","5.14","14","0","0","0","0","0","-","-","-","28.7","347.3","2.3","-","-","-","-","-"
"221","Will Dissly","TE","LAC","12","-","-","76.9","15","5.12","9","0","0","0","0","0","-","-","-","33.8","319.4","1.9","-","-","-","-","-"
"222","J.K. Dobbins","RB","DEN","12","-","-","76.3","10","7.63","12","0","0","0","0","0","80.9","361.8","2.4","15.5","80.1","0.5","-","-","-","-","-"
"223","Amari Cooper","WR","FA","","-","-","75.6","14","5.40","14","0","0","0","0","0","-","-","-","28.2","342.9","2.2","-","-","-","-","-"
"224","Terrance Ferguson","TE","LA","8","-","-","75.6","15","5.04","9","0","0","0","0","0","-","-","-","33.2","303.5","2.0","-","-","-","-","-"
"225","Raheem Mostert","RB","LV","8","-","-","75.3","13","5.79","12","0","0","0","0","0","74.4","289.1","1.9","18.9","142.0","0.4","-","-","-","-","-"
"226","Ray Davis","RB","BUF","7","-","-","75.2","15","5.01","12","0","0","0","0","0","99.2","428.5","2.9","7.5","63.4","0.3","-","-","-","-","-"
"227","Jalen McMillan","WR","TB","9","-","-","74.7","15","4.98","14","0","0","0","0","0","-","-","-","28.5","342.2","2.0","-","-","-","-","-"
"228","Tyler Conklin","TE","LAC","12","-","-","74.3","15","4.95","9","0","0","0","0","0","-","-","-","32.9","304.5","1.9","-","-","-","-","-"
"229","Noah Brown","WR","WAS","12","-","-","73.9","13","5.68","14","0","0","0","0","0","-","-","-","29.1","343.9","1.7","-","-","-","-","-"
"230","Woody Marks","RB","HST","6","-","-","73.5","15","4.90","12","0","0","0","0","0","63.3","264.6","1.6","19.3","145.7","0.6","-","-","-","-","-"
"231","Michael Mayer","TE","LV","8","-","-","72.4","14","5.17","9","0","0","0","0","0","-","-","-","32.1","304.2","1.7","-","-","-","-","-"
"232","Gunnar Helm","TE","TEN","10","-","-","71.7","15","4.78","9","0","0","0","0","0","-","-","-","30.3","300.8","1.9","-","-","-","-","-"
"233","Adonai Mitchell","WR","IND","11","-","-","70.6","15","4.71","14","0","0","0","0","0","2.7","15.8","0.1","25.6","326.8","1.7","-","-","-","-","-"
"234","Demarcus Robinson","WR","SF","14","-","-","70.2","15","4.68","14","0","0","0","0","0","-","-","-","24.4","349.0","1.9","-","-","-","-","-"
"235","Isaac Guerendo","RB","SF","14","-","-","69.8","15","4.66","12","0","0","0","0","0","80.4","387.5","2.5","8.0","76.7","0.2","-","-","-","-","-"
"236","Elijah Moore","WR","BUF","7","-","-","69.7","15","4.65","14","0","0","0","0","0","-","-","-","27.2","291.0","2.3","-","-","-","-","-"
"237","Jalen Tolbert","WR","DAL","10","-","-","69.4","15","4.63","14","0","0","0","0","0","-","-","-","25.4","313.4","2.1","-","-","-","-","-"
"238","Kyle Monangai","RB","CHI","5","-","-","68.3","15","4.55","12","0","0","0","0","0","50.8","222.1","1.7","18.9","140.1","0.6","-","-","-","-","-"
"239","Harold Fannin Jr.","TE","CLV","9","-","-","67.3","15","4.48","10","0","0","0","0","0","-","-","-","28.0","289.0","1.8","-","-","-","-","-"
"240","Savion Williams","WR","GB","5","-","-","66.5","14","4.75","14","0","0","0","0","0","22.5","136.7","0.4","19.1","213.8","1.7","-","-","-","-","-"
"241","Greg Dortch","WR","ARZ","8","-","-","65.5","14","4.68","14","0","0","0","0","0","3.4","22.2","0.1","27.3","268.2","1.4","-","-","-","-","-"
"242","Tommy Tremble","TE","CAR","14","-","-","64.4","15","4.29","10","0","0","0","0","0","-","-","-","28.3","250.0","1.9","-","-","-","-","-"
"243","Anthony Richardson","QB","IND","11","-","-","64.3","4","16.08","11","109","58","737","3.7","4","28.6","159.5","1.6","-","-","-","-","-","-","-","-"
"244","Blake Corum","RB","LA","8","-","-","64.0","15","4.27","13","0","0","0","0","0","81.5","318.3","2.5","9.9","62.0","0.3","-","-","-","-","-"
"245","Marquez Valdes-Scantling","WR","SEA","8","-","-","64.0","15","4.27","14","0","0","0","0","0","-","-","-","19.8","327.3","1.9","-","-","-","-","-"
"246","Roman Wilson","WR","PIT","5","-","-","64.0","14","4.57","14","0","0","0","0","0","-","-","-","23.6","284.5","2.0","-","-","-","-","-"
"247","Mack Hollins","WR","NE","14","-","-","63.8","15","4.26","14","0","0","0","0","0","-","-","-","22.9","294.3","1.9","-","-","-","-","-"
"248","Noah Gray","TE","KC","10","-","-","63.4","15","4.23","10","0","0","0","0","0","0.3","0.1","0.1","25.3","255.8","2.0","-","-","-","-","-"
"249","Luke McCaffrey","WR","WAS","12","-","-","62.6","15","4.17","15","0","0","0","0","0","-","-","-","25.9","266.8","1.7","-","-","-","-","-"
"250","Braelon Allen","RB","NYJ","9","-","-","61.9","15","4.13","13","0","0","0","0","0","63.6","249.6","1.7","14.6","102.4","0.4","-","-","-","-","-"
"251","Pat Bryant","WR","DEN","12","-","-","61.3","15","4.08","15","0","0","0","0","0","-","-","-","22.9","284.6","1.7","-","-","-","-","-"
"252","Tory Horton","WR","SEA","8","-","-","60.8","15","4.05","15","0","0","0","0","0","-","-","-","21.9","286.8","1.7","-","-","-","-","-"
"253","Kareem Hunt","RB","KC","10","-","-","60.2","14","4.30","13","0","0","0","0","0","63.0","231.1","1.9","14.4","86.2","0.5","-","-","-","-","-"
"254","Parker Washington","WR","JAX","8","-","-","60.1","15","4.01","15","0","0","0","0","0","-","-","-","23.7","280.5","1.4","-","-","-","-","-"
"255","Austin Hooper","TE","NE","14","-","-","59.6","15","3.98","10","0","0","0","0","0","-","-","-","24.9","259.5","1.5","-","-","-","-","-"
"256","Isaiah Davis","RB","NYJ","9","-","-","59.4","14","4.24","13","0","0","0","0","0","59.2","266.8","1.4","12.5","96.4","0.4","-","-","-","-","-"
"257","Samaje Perine","RB","CIN","10","-","-","59.4","15","3.96","13","0","0","0","0","0","34.7","151.1","0.8","19.1","161.8","0.7","-","-","-","-","-"
"258","Shedeur Sanders","QB","CLV","9","-","-","59.0","4","14.74","11","134","87","881","4.5","3","16.0","81.5","0.3","-","-","-","-","-","-","-","-"
"259","Trevor Etienne","RB","CAR","14","-","-","58.7","15","3.91","13","0","0","0","0","0","46.4","207.3","1.0","16.9","120.0","0.6","-","-","-","-","-"
"260","Foster Moreau","TE","NO","11","-","-","58.2","15","3.88","10","0","0","0","0","0","-","-","-","24.0","243.7","1.7","-","-","-","-","-"
"261","Elic Ayomanor","WR","TEN","10","-","-","56.6","10","5.66","15","0","0","0","0","0","-","-","-","21.5","258.8","1.5","-","-","-","-","-"
"262","Mike Williams","WR","LAC","12","-","-","56.2","13","4.33","15","0","0","0","0","0","-","-","-","20.6","259.3","1.6","-","-","-","-","-"
"263","Emanuel Wilson","RB","GB","5","-","-","54.8","14","3.92","13","0","0","0","0","0","57.4","258.2","1.6","11.1","65.1","0.4","-","-","-","-","-"
"264","Cole Kmet","TE","CHI","5","-","-","54.8","15","3.65","10","0","0","0","0","0","-","-","-","22.2","231.0","1.6","-","-","-","-","-"
"265","Jahan Dotson","WR","PHI","9","-","-","54.1","15","3.61","15","0","0","0","0","0","0.3","1.3","0.0","21.1","243.8","1.4","-","-","-","-","-"
"266","Dawson Knox","TE","BUF","7","-","-","53.7","15","3.58","10","0","0","0","0","0","-","-","-","20.7","229.5","1.7","-","-","-","-","-"
"267","Tanner Hudson","TE","CIN","10","-","-","53.1","15","3.54","10","0","0","0","0","0","-","-","-","23.4","218.5","1.3","-","-","-","-","-"
"268","Troy Franklin","WR","DEN","12","-","-","52.8","15","3.52","15","0","0","0","0","0","0.7","2.8","0.0","19.8","231.8","1.6","-","-","-","-","-"
"269","Olamide Zaccheaus","WR","CHI","5","-","-","50.8","15","3.39","15","0","0","0","0","0","-","-","-","20.2","227.8","1.3","-","-","-","-","-"
"270","Isaac TeSlaa","WR","DET","8","-","-","50.4","15","3.36","15","0","0","0","0","0","-","-","-","20.5","225.9","1.2","-","-","-","-","-"
"271","Kendre Miller","RB","NO","11","-","-","50.4","12","4.20","13","0","0","0","0","0","60.2","235.0","1.4","10.1","71.3","0.2","-","-","-","-","-"
"272","Nick Chubb","RB","HST","6","-","-","49.9","12","4.16","13","0","0","0","0","0","78.3","296.0","2.3","3.7","25.7","0.1","-","-","-","-","-"
"273","Kenneth Gainwell","RB","PIT","5","-","-","49.2","15","3.28","13","0","0","0","0","0","46.2","194.5","0.9","12.9","92.0","0.4","-","-","-","-","-"
"274","Allen Lazard","WR","NYJ","9","-","-","49.1","10","4.91","15","0","0","0","0","0","-","-","-","18.8","236.2","1.1","-","-","-","-","-"
"275","Brashard Smith","RB","KC","10","-","-","48.8","14","3.49","14","0","0","0","0","0","31.2","130.0","0.7","16.4","116.9","0.6","-","-","-","-","-"
"276","Devin Neal","RB","NO","11","-","-","48.6","14","3.47","14","0","0","0","0","0","66.6","271.9","1.6","6.5","48.9","0.2","-","-","-","-","-"
"277","Antonio Gibson","RB","NE","14","-","-","46.9","15","3.13","14","0","0","0","0","0","49.9","211.1","0.9","10.5","87.7","0.3","-","-","-","-","-"
"278","Mike Woods","WR","CLV","9","-","-","46.9","14","3.35","16","0","0","0","0","0","-","-","-","19.0","213.8","1.1","-","-","-","-","-"
"279","Josh Oliver","TE","MIN","6","-","-","46.9","15","3.12","11","0","0","0","0","0","-","-","-","19.7","196.7","1.3","-","-","-","-","-"
"280","Arian Smith","WR","NYJ","9","-","-","46.7","15","3.12","16","0","0","0","0","0","-","-","-","18.3","219.9","1.1","-","-","-","-","-"
"281","DJ Giddens","RB","IND","11","-","-","46.5","15","3.10","14","0","0","0","0","0","45.4","202.8","1.2","10.3","76.3","0.2","-","-","-","-","-"
"282","Kayshon Boutte","WR","NE","14","-","-","46.4","14","3.31","16","0","0","0","0","0","-","-","-","16.5","216.6","1.4","-","-","-","-","-"
"283","Chimere Dike","WR","TEN","10","-","-","46.2","15","3.08","16","0","0","0","0","0","-","-","-","16.8","219.4","1.3","-","-","-","-","-"
"284","Kalif Raymond","WR","DET","8","-","-","45.9","15","3.06","16","0","0","0","0","0","2.5","16.4","0.0","17.8","209.8","0.9","-","-","-","-","-"
"285","Miles Sanders","RB","DAL","10","-","-","45.3","14","3.23","14","0","0","0","0","0","52.1","191.1","1.3","10.9","64.0","0.3","-","-","-","-","-"
"286","Elijah Higgins","TE","ARZ","8","-","-","45.3","15","3.02","11","0","0","0","0","0","-","-","-","20.1","188.7","1.1","-","-","-","-","-"
"287","Taysom Hill","TE","NO","11","-","-","45.2","7","6.46","11","6","4","41","0.2","0","23.8","140.7","1.0","10.3","93.6","0.5","-","-","-","-","-"
"288","Devin Singletary","RB","NYG","14","-","-","44.6","15","2.97","14","0","0","0","0","0","50.2","193.5","1.2","10.4","62.3","0.3","-","-","-","-","-"
"289","Tahj Brooks","RB","CIN","10","-","-","43.2","15","2.88","14","0","0","0","0","0","55.5","231.7","1.5","5.9","46.5","0.2","-","-","-","-","-"
"290","Kyle Juszczyk","RB","SF","14","-","-","42.7","15","2.85","14","0","0","0","0","0","5.6","24.3","0.6","17.1","153.2","0.7","-","-","-","-","-"
"291","Jermaine Burton","WR","CIN","10","-","-","42.7","14","3.05","16","0","0","0","0","0","-","-","-","13.5","197.9","1.6","-","-","-","-","-"
"292","Emari Demercado","RB","ARZ","8","-","-","42.6","14","3.04","14","0","0","0","0","0","24.3","132.8","0.4","14.7","100.2","0.4","-","-","-","-","-"
"293","Alexander Mattison","RB","MIA","12","-","-","42.3","15","2.82","14","0","0","0","0","0","45.1","171.7","1.2","9.9","68.4","0.3","-","-","-","-","-"
"294","Keaton Mitchell","RB","BLT","7","-","-","42.3","10","4.23","14","0","0","0","0","0","55.0","265.2","1.2","4.6","36.6","0.1","-","-","-","-","-"
"295","Drew Sample","TE","CIN","10","-","-","42.1","15","2.80","11","0","0","0","0","0","-","-","-","21.1","145.2","1.1","-","-","-","-","-"
"296","Jalen Royals","WR","KC","10","-","-","41.4","15","2.76","16","0","0","0","0","0","-","-","-","15.6","193.3","1.1","-","-","-","-","-"
"297","Jordan James","RB","SF","14","-","-","41.4","15","2.76","14","0","0","0","0","0","49.3","215.6","1.6","5.8","41.9","0.2","-","-","-","-","-"
"298","Curtis Samuel","WR","BUF","7","-","-","41.4","15","2.76","16","0","0","0","0","0","3.5","14.2","0.1","16.5","158.8","1.1","-","-","-","-","-"
"299","Sean Tucker","RB","TB","9","-","-","40.8","14","2.92","14","0","0","0","0","0","46.7","220.0","1.1","6.4","52.1","0.2","-","-","-","-","-"
"300","JuJu Smith-Schuster","WR","KC","10","-","-","39.7","13","3.05","16","0","0","0","0","0","-","-","-","16.4","173.4","1.0","-","-","-","-","-"
"301","Jaylin Lane","WR","WAS","12","-","-","39.4","15","2.62","16","0","0","0","0","0","-","-","-","14.2","185.4","1.1","-","-","-","-","-"
"302","Audric Estim√©","RB","DEN","12","-","-","38.9","15","2.59","14","0","0","0","0","0","53.9","228.8","1.4","4.7","27.6","0.1","-","-","-","-","-"
"303","KhaDarel Hodge","WR","ATL","5","-","-","38.8","15","2.58","16","0","0","0","0","0","-","-","-","13.5","194.1","1.0","-","-","-","-","-"
"304","Spencer Rattler","QB","NO","11","-","-","38.3","3","12.78","12","96","58","593","2.9","2","8.5","53.3","0.1","-","-","-","-","-","-","-","-"
"305","Phil Mafah","RB","DAL","10","-","-","38.0","15","2.53","14","0","0","0","0","0","53.1","221.5","1.4","4.2","29.5","0.1","-","-","-","-","-"
"306","Julian Hill","TE","MIA","12","-","-","37.7","15","2.51","11","0","0","0","0","0","-","-","-","16.8","148.7","1.0","-","-","-","-","-"
"307","Luke Schoonmaker","TE","DAL","10","-","-","37.2","15","2.48","11","0","0","0","0","0","-","-","-","15.7","148.7","1.1","-","-","-","-","-"
"308","Robert Woods","WR","PIT","5","-","-","37.1","10","3.71","16","0","0","0","0","0","-","-","-","15.3","155.8","1.1","-","-","-","-","-"
"309","Sincere McCormick","RB","LV","8","-","-","36.8","14","2.63","14","0","0","0","0","0","40.0","177.7","0.9","8.0","49.6","0.2","-","-","-","-","-"
"310","Cade Stover","TE","HST","6","-","-","36.2","15","2.42","11","0","0","0","0","0","-","-","-","16.6","145.0","0.9","-","-","-","-","-"
"311","Jonathan Mingo","WR","DAL","10","-","-","35.3","15","2.35","16","0","0","0","0","0","-","-","-","13.7","150.7","1.1","-","-","-","-","-"
"312","Marcus Mariota","QB","WAS","12","-","-","34.9","2","17.47","12","65","43","476","2.8","1","9.9","54.3","0.2","-","-","-","-","-","-","-","-"
"313","Hunter Renfrow","WR","CAR","14","-","-","33.7","15","2.25","16","0","0","0","0","0","-","-","-","13.4","156.2","0.8","-","-","-","-","-"
"314","Jake Browning","QB","CIN","10","-","-","33.5","2","16.76","12","69","44","495","2.7","2","6.3","33.7","0.4","-","-","-","-","-","-","-","-"
"315","Jaleel McLaughlin","RB","DEN","12","-","-","33.2","15","2.22","15","0","0","0","0","0","28.5","123.6","0.5","10.4","55.2","0.3","-","-","-","-","-"
"316","Joe Milton III","QB","DAL","10","-","-","32.6","2","16.32","12","66","42","447","2.2","2","9.7","38.1","0.7","-","-","-","-","-","-","-","-"
"317","Khalil Herbert","RB","IND","11","-","-","32.6","14","2.33","15","0","0","0","0","0","32.1","140.6","0.8","7.9","52.0","0.1","-","-","-","-","-"
"318","Jalen Milroe","QB","SEA","8","-","-","32.5","2","16.24","12","59","35","388","2.1","2","12.8","88.5","0.3","-","-","-","-","-","-","-","-"
"319","Tai Felton","WR","MIN","6","-","-","32.1","15","2.14","16","0","0","0","0","0","-","-","-","12.8","142.8","0.8","-","-","-","-","-"
"320","Cedrick Wilson Jr.","WR","NO","11","-","-","31.6","15","2.11","17","0","0","0","0","0","-","-","-","12.6","143.8","0.8","-","-","-","-","-"
"321","Zay Jones","WR","ARZ","8","-","-","31.4","14","2.24","17","0","0","0","0","0","-","-","-","12.3","146.3","0.8","-","-","-","-","-"
"322","Jeremy McNichols","RB","WAS","12","-","-","31.3","15","2.09","15","0","0","0","0","0","27.0","115.2","0.7","8.5","59.5","0.2","-","-","-","-","-"
"323","Jarquez Hunter","RB","LA","8","-","-","31.1","15","2.07","15","0","0","0","0","0","30.5","133.0","0.9","6.7","47.7","0.2","-","-","-","-","-"
"324","Cordarrelle Patterson","RB","PIT","5","-","-","30.6","14","2.19","15","0","0","0","0","0","22.7","95.7","0.5","9.6","68.2","0.3","-","-","-","-","-"
"325","Tyler Johnson","WR","NYJ","9","-","-","30.3","10","3.03","17","0","0","0","0","0","-","-","-","13.1","129.0","0.7","-","-","-","-","-"
"326","John Bates","TE","WAS","12","-","-","30.3","15","2.02","12","0","0","0","0","0","-","-","-","13.2","117.2","0.9","-","-","-","-","-"
"327","AJ Dillon","RB","PHI","9","-","-","30.2","15","2.02","15","0","0","0","0","0","48.0","205.7","1.3","1.3","9.0","0.0","-","-","-","-","-"
"328","Kyle Trask","QB","TB","9","-","-","30.1","2","15.07","12","68","43","482","2.5","2","5.6","25.5","0.1","-","-","-","-","-","-","-","-"
"329","Mac Jones","QB","SF","14","-","-","30.1","2","15.04","12","66","43","468","2.4","2","6.6","26.4","0.2","-","-","-","-","-","-","-","-"
"330","Jarrett Stidham","QB","DEN","12","-","-","29.8","2","14.89","12","65","41","427","2.6","2","7.3","38.3","0.1","-","-","-","-","-","-","-","-"
"331","Jeremy Ruckert","TE","NYJ","9","-","-","29.8","15","1.98","12","0","0","0","0","0","-","-","-","13.4","122.5","0.7","-","-","-","-","-"
"332","Elijah Mitchell","RB","KC","10","-","-","29.8","12","2.48","15","0","0","0","0","0","31.6","133.8","0.8","6.4","42.8","0.2","-","-","-","-","-"
"333","Jimmy Garoppolo","QB","LA","8","-","-","29.6","2","14.78","12","64","44","468","2.9","2","3.4","6.6","0.1","-","-","-","-","-","-","-","-"
"334","Jalin Hyatt","WR","NYG","14","-","-","29.0","15","1.93","17","0","0","0","0","0","-","-","-","11.1","137.8","0.7","-","-","-","-","-"
"335","Tyson Bagent","QB","CHI","5","-","-","29.0","2","14.49","12","63","41","433","2.3","2","6.0","36.6","0.1","-","-","-","-","-","-","-","-"
"336","Jordan Whittington","WR","LA","8","-","-","28.9","15","1.93","17","0","0","0","0","0","0.7","4.5","0.0","11.9","130.9","0.6","-","-","-","-","-"
"337","Hendon Hooker","QB","DET","8","-","-","28.9","2","14.43","12","61","39","418","2.6","1","7.3","28.8","0.1","-","-","-","-","-","-","-","-"
"338","Andy Dalton","QB","CAR","14","-","-","28.8","2","14.40","12","70","46","450","2.7","2","4.3","16.5","0.1","-","-","-","-","-","-","-","-"
"339","Charlie Woerner","TE","ATL","5","-","-","28.6","15","1.91","12","0","0","0","0","0","-","-","-","12.9","109.9","0.8","-","-","-","-","-"
"340","Grant Calcaterra","TE","PHI","9","-","-","28.4","15","1.89","12","0","0","0","0","0","-","-","-","12.7","119.3","0.6","-","-","-","-","-"
"341","Sam Howell","QB","MIN","6","-","-","28.3","2","14.14","12","67","41","434","2.5","2","4.4","28.5","0.1","-","-","-","-","-","-","-","-"
"342","Nick Mullens","QB","JAX","8","-","-","27.7","2","13.87","12","66","44","460","2.5","2","3.5","12.5","0.1","-","-","-","-","-","-","-","-"
"343","Tanner McKee","QB","PHI","9","-","-","27.7","2","13.85","12","57","38","422","2.5","1","4.9","12.3","0.1","-","-","-","-","-","-","-","-"
"344","Will Levis","QB","TEN","10","-","-","27.6","2","13.79","12","61","39","429","2.4","2","7.1","27.8","0.1","-","-","-","-","-","-","-","-"
"345","Taylor Heinicke","QB","LAC","12","-","-","27.4","2","13.70","12","58","36","398","2.2","1","6.3","35.0","0.2","-","-","-","-","-","-","-","-"
"346","Kirk Cousins","QB","ATL","5","-","-","26.7","2","13.37","12","63","43","474","2.4","2","1.6","3.8","0.0","-","-","-","-","-","-","-","-"
"347","AJ Barner","TE","SEA","8","-","-","26.6","15","1.77","12","0","0","0","0","0","-","-","-","11.5","107.5","0.7","-","-","-","-","-"
"348","Aidan O'Connell","QB","LV","8","-","-","26.5","2","13.26","12","66","42","437","2.3","1","3.2","8.2","0.1","-","-","-","-","-","-","-","-"
"349","Davis Mills","QB","HST","6","-","-","26.4","2","13.22","12","65","41","416","2.6","2","3.4","13.3","0.1","-","-","-","-","-","-","-","-"
"350","Joshua Dobbs","QB","NE","14","-","-","26.2","2","13.10","12","56","37","385","2.1","2","6.7","37.0","0.1","-","-","-","-","-","-","-","-"
"351","Derius Davis","WR","LAC","12","-","-","26.0","15","1.73","17","0","0","0","0","0","5.7","29.4","0.1","10.6","87.5","0.5","-","-","-","-","-"
"352","Oronde Gadsden II","TE","LAC","12","-","-","25.9","14","1.85","12","0","0","0","0","0","-","-","-","11.0","109.0","0.7","-","-","-","-","-"
"353","Zach Wilson","QB","MIA","12","-","-","25.9","2","12.94","12","65","40","407","2.0","2","5.4","29.3","0.1","-","-","-","-","-","-","-","-"
"354","Ben Sinnott","TE","WAS","12","-","-","25.8","15","1.72","12","0","0","0","0","0","-","-","-","11.7","96.5","0.8","-","-","-","-","-"
"355","Malik Willis","QB","GB","5","-","-","25.5","2","12.75","12","44","29","324","1.7","1","9.2","63.2","0.2","-","-","-","-","-","-","-","-"
"356","Ollie Gordon II","RB","MIA","12","-","-","25.2","15","1.68","15","0","0","0","0","0","31.8","132.3","0.8","3.7","29.4","0.1","-","-","-","-","-"
"357","Gardner Minshew","QB","KC","10","-","-","25.2","2","12.61","14","65","42","425","2.1","2","4.3","13.3","0.1","-","-","-","-","-","-","-","-"
"358","Mason Rudolph","QB","PIT","5","-","-","24.7","2","12.33","14","58","37","390","2.0","2","5.5","25.3","0.1","-","-","-","-","-","-","-","-"
"359","Dare Ogunbowale","RB","HST","6","-","-","24.6","14","1.76","15","0","0","0","0","0","18.8","73.5","0.4","7.5","65.4","0.2","-","-","-","-","-"
"360","Luke Musgrave","TE","GB","5","-","-","24.4","11","2.22","12","0","0","0","0","0","-","-","-","9.8","101.6","0.7","-","-","-","-","-"
"361","Mitchell Trubisky","QB","BUF","7","-","-","24.3","2","12.17","14","57","40","386","2.2","2","3.6","16.9","0.1","-","-","-","-","-","-","-","-"
"362","Adam Trautman","TE","DEN","12","-","-","23.5","15","1.57","12","0","0","0","0","0","-","-","-","9.7","95.5","0.7","-","-","-","-","-"
"363","Craig Reynolds","RB","DET","8","-","-","23.5","14","1.68","15","0","0","0","0","0","30.1","131.9","0.6","3.6","30.0","0.0","-","-","-","-","-"
"364","Ty Chandler","RB","MIN","6","-","-","23.4","12","1.95","15","0","0","0","0","0","30.8","120.2","0.7","4.0","29.2","0.1","-","-","-","-","-"
"365","Jamari Thrash","WR","CLV","9","-","-","23.3","14","1.67","17","0","0","0","0","0","-","-","-","10.0","100.9","0.5","-","-","-","-","-"
"366","Devin Leary","QB","BLT","7","-","-","23.2","2","11.61","14","51","32","341","1.9","1","4.2","29.9","0.1","-","-","-","-","-","-","-","-"
"367","Colby Parkinson","TE","LA","8","-","-","23.2","15","1.54","12","0","0","0","0","0","-","-","-","10.2","92.7","0.6","-","-","-","-","-"
"368","Tylan Wallace","WR","BLT","7","-","-","22.8","15","1.52","17","0","0","0","0","0","-","-","-","8.2","117.2","0.5","-","-","-","-","-"
"369","Jacoby Brissett","QB","ARZ","8","-","-","22.6","2","11.28","14","63","38","350","1.8","1","4.1","24.5","0.1","-","-","-","-","-","-","-","-"
"370","LeQuint Allen","RB","JAX","8","-","-","22.2","14","1.59","15","0","0","0","0","0","17.2","73.1","0.4","6.8","47.8","0.2","-","-","-","-","-"
"371","Jake Bobo","WR","SEA","8","-","-","21.7","15","1.45","17","0","0","0","0","0","-","-","-","8.4","95.4","0.6","-","-","-","-","-"
"372","Casey Washington","WR","ATL","5","-","-","21.6","14","1.55","17","0","0","0","0","0","-","-","-","7.7","105.5","0.6","-","-","-","-","-"
"373","Durham Smythe","TE","CHI","5","-","-","21.6","15","1.44","12","0","0","0","0","0","-","-","-","9.7","76.2","0.7","-","-","-","-","-"
"374","Darnell Washington","TE","PIT","5","-","-","21.6","15","1.44","12","0","0","0","0","0","-","-","-","9.1","89.2","0.6","-","-","-","-","-"
"375","Zack Moss","RB","CIN","10","-","-","21.5","10","2.15","15","0","0","0","0","0","25.5","100.2","0.7","4.1","29.8","0.1","-","-","-","-","-"
"376","Tip Reiman","TE","ARZ","8","-","-","20.8","15","1.38","12","0","0","0","0","0","-","-","-","10.4","76.0","0.5","-","-","-","-","-"
"377","Josh Whyle","TE","TEN","10","-","-","20.6","15","1.37","12","0","0","0","0","0","-","-","-","9.2","83.0","0.5","-","-","-","-","-"
"378","Brock Wright","TE","DET","8","-","-","20.6","15","1.37","12","0","0","0","0","0","-","-","-","9.1","80.4","0.6","-","-","-","-","-"
"379","Luke Farrell","TE","SF","14","-","-","20.6","15","1.37","12","0","0","0","0","0","-","-","-","9.4","83.7","0.5","-","-","-","-","-"
"380","Stone Smartt","TE","NYJ","9","-","-","20.2","15","1.35","12","0","0","0","0","0","-","-","-","8.9","85.8","0.5","-","-","-","-","-"
"381","Payne Durham","TE","TB","9","-","-","20.2","15","1.34","12","0","0","0","0","0","-","-","-","7.7","86.4","0.6","-","-","-","-","-"
"382","Alec Ingold","RB","MIA","12","-","-","19.7","15","1.32","15","0","0","0","0","0","5.8","16.7","0.3","8.3","67.6","0.2","-","-","-","-","-"
"383","Andrew Ogletree","TE","IND","11","-","-","19.6","15","1.30","12","0","0","0","0","0","-","-","-","8.4","88.0","0.4","-","-","-","-","-"
"384","Hunter Luepke","RB","DAL","10","-","-","18.8","15","1.26","15","0","0","0","0","0","9.0","28.3","0.4","7.8","51.0","0.2","-","-","-","-","-"
"385","Carlos Washington","RB","ATL","5","-","-","17.7","14","1.26","16","0","0","0","0","0","27.9","115.9","0.7","1.1","7.4","0.0","-","-","-","-","-"
"386","Tyler Goodson","RB","IND","11","-","-","17.4","13","1.34","16","0","0","0","0","0","13.6","62.5","0.3","5.1","34.1","0.1","-","-","-","-","-"
"387","Malachi Corley","WR","NYJ","9","-","-","16.6","13","1.28","17","0","0","0","0","0","2.3","13.2","0.0","6.8","63.2","0.3","-","-","-","-","-"
"388","Johnny Wilson","WR","PHI","9","-","-","16.2","15","1.08","18","0","0","0","0","0","-","-","-","7.4","58.3","0.5","-","-","-","-","-"
"389","Brevin Jordan","TE","HST","6","-","-","16.2","10","1.62","12","0","0","0","0","0","-","-","-","7.5","64.7","0.4","-","-","-","-","-"
"390","Charlie Kolar","TE","BLT","7","-","-","16.2","15","1.08","12","0","0","0","0","0","-","-","-","5.9","73.2","0.5","-","-","-","-","-"
"391","Scott Miller","WR","PIT","5","-","-","16.1","14","1.15","18","0","0","0","0","0","-","-","-","6.3","70.3","0.5","-","-","-","-","-"
"392","Justin Watson","WR","HST","6","-","-","16.0","15","1.07","18","0","0","0","0","0","-","-","-","6.1","76.7","0.4","-","-","-","-","-"
"393","Will Mallory","TE","IND","11","-","-","16.0","14","1.14","12","0","0","0","0","0","-","-","-","7.2","70.2","0.3","-","-","-","-","-"
"394","Jacory Croskey-Merritt","RB","WAS","12","-","-","16.0","14","1.14","16","0","0","0","0","0","10.4","46.1","0.3","5.3","37.4","0.1","-","-","-","-","-"
"395","John Metchie III","WR","HST","6","-","-","15.6","15","1.04","18","0","0","0","0","0","-","-","-","6.5","67.7","0.4","-","-","-","-","-"
"396","Ja'Lynn Polk","WR","NE","14","-","-","15.6","15","1.04","18","0","0","0","0","0","0.4","2.6","0.0","5.9","65.3","0.5","-","-","-","-","-"
"397","Chris Blair","WR","ATL","5","-","-","15.3","14","1.10","18","0","0","0","0","0","-","-","-","5.2","78.3","0.4","-","-","-","-","-"
"398","Jordan Watkins","WR","SF","14","-","-","15.0","15","1.00","18","0","0","0","0","0","-","-","-","5.6","69.5","0.4","-","-","-","-","-"
"399","Lil'Jordan Humphrey","WR","NYG","14","-","-","14.9","10","1.49","18","0","0","0","0","0","-","-","-","6.3","62.7","0.4","-","-","-","-","-"
"400","Rondale Moore","WR","MIN","6","-","-","14.8","13","1.14","18","0","0","0","0","0","-","-","-","6.4","67.9","0.3","-","-","-","-","-"
"401","C.J. Ham","RB","MIN","6","-","-","14.8","15","0.99","16","0","0","0","0","0","0.6","2.5","0.0","8.0","52.3","0.2","-","-","-","-","-"
"402","Austin Trammell","WR","JAX","8","-","-","14.8","10","1.48","18","0","0","0","0","0","-","-","-","5.9","68.8","0.3","-","-","-","-","-"
"403","Ian Thomas","TE","LV","8","-","-","14.6","13","1.13","12","0","0","0","0","0","-","-","-","7.1","55.6","0.3","-","-","-","-","-"
"404","Jashaun Corbin","RB","ATL","5","-","-","14.6","14","1.04","16","0","0","0","0","0","19.9","98.6","0.5","1.1","7.4","0.0","-","-","-","-","-"
"405","Xavier Gipson","WR","NYJ","9","-","-","14.4","15","0.96","18","0","0","0","0","0","-","-","-","6.7","60.0","0.3","-","-","-","-","-"
"406","Xavier Weaver","WR","ARZ","8","-","-","14.1","14","1.01","18","0","0","0","0","0","-","-","-","5.3","68.6","0.3","-","-","-","-","-"
"407","Treylon Burks","WR","TEN","10","-","-","13.9","9","1.55","18","0","0","0","0","0","1.4","6.6","0.0","4.9","59.9","0.4","-","-","-","-","-"
"408","Chris Brooks","RB","GB","5","-","-","13.8","10","1.38","16","0","0","0","0","0","7.8","38.1","0.2","5.1","31.3","0.1","-","-","-","-","-"
"409","Bo Melton","WR","GB","5","-","-","13.6","12","1.13","18","0","0","0","0","0","-","-","-","4.8","60.2","0.5","-","-","-","-","-"
"410","Johnny Mundt","TE","JAX","8","-","-","13.4","15","0.89","12","0","0","0","0","0","-","-","-","6.2","53.2","0.3","-","-","-","-","-"
"411","Kenny McIntosh","RB","SEA","8","-","-","13.4","14","0.96","16","0","0","0","0","0","14.0","60.8","0.4","2.8","21.8","0.1","-","-","-","-","-"
"412","Hunter Long","TE","JAX","8","-","-","13.3","12","1.11","12","0","0","0","0","0","-","-","-","6.1","53.0","0.3","-","-","-","-","-"
"413","Blake Whiteheart","TE","CLV","9","-","-","13.2","14","0.94","12","0","0","0","0","0","-","-","-","6.2","51.4","0.3","-","-","-","-","-"
"414","Gavin Bartholomew","TE","MIN","6","-","-","12.8","15","0.85","12","0","0","0","0","0","-","-","-","5.4","53.8","0.3","-","-","-","-","-"
"415","Malik Heath","WR","GB","5","-","-","12.6","12","1.05","18","0","0","0","0","0","-","-","-","5.2","47.2","0.5","-","-","-","-","-"
"416","DeeJay Dallas","RB","ARZ","8","-","-","12.5","14","0.89","16","0","0","0","0","0","11.3","50.5","0.2","3.7","23.2","0.1","-","-","-","-","-"
"417","Ryan Flournoy","WR","DAL","10","-","-","12.4","14","0.88","18","0","0","0","0","0","-","-","-","5.0","56.0","0.3","-","-","-","-","-"
"418","Tanner McLachlan","TE","CIN","10","-","-","12.4","13","0.95","12","0","0","0","0","0","-","-","-","5.3","50.5","0.3","-","-","-","-","-"
"419","Jalen Brooks","WR","DAL","10","-","-","12.3","14","0.88","18","0","0","0","0","0","-","-","-","4.9","54.8","0.3","-","-","-","-","-"
"420","Pharaoh Brown","TE","MIA","12","-","-","12.2","15","0.81","12","0","0","0","0","0","-","-","-","5.7","51.0","0.3","-","-","-","-","-"
"421","Daniel Bellinger","TE","NYG","14","-","-","12.1","15","0.81","12","0","0","0","0","0","-","-","-","5.1","54.2","0.3","-","-","-","-","-"
"422","Kimani Vidal","RB","LAC","12","-","-","12.0","14","0.85","16","0","0","0","0","0","9.5","37.0","0.2","4.0","28.2","0.1","-","-","-","-","-"
"423","Ben Skowronek","WR","PIT","5","-","-","11.7","14","0.83","18","0","0","0","0","0","-","-","-","4.7","51.6","0.3","-","-","-","-","-"
"424","Lucas Krull","TE","DEN","12","-","-","11.6","14","0.83","12","0","0","0","0","0","-","-","-","5.2","47.4","0.3","-","-","-","-","-"
"425","Sterling Shepard","WR","TB","9","-","-","11.5","13","0.89","18","0","0","0","0","0","-","-","-","4.9","48.4","0.3","-","-","-","-","-"
"426","Dameon Pierce","RB","HST","6","-","-","11.4","13","0.87","16","0","0","0","0","0","15.4","66.6","0.4","1.4","9.3","0.0","-","-","-","-","-"
"427","KeAndre Lambert-Smith","WR","LAC","12","-","-","11.3","10","1.13","18","0","0","0","0","0","-","-","-","4.4","51.6","0.3","-","-","-","-","-"
"428","Brevyn Spann-Ford","TE","DAL","10","-","-","11.2","15","0.75","12","0","0","0","0","0","-","-","-","4.8","46.3","0.3","-","-","-","-","-"
"429","Rasheen Ali","RB","BLT","7","-","-","11.2","10","1.12","16","0","0","0","0","0","16.7","64.0","0.3","1.9","12.9","0.0","-","-","-","-","-"
"430","Pierre Strong","RB","CLV","9","-","-","11.1","14","0.79","16","0","0","0","0","0","14.1","57.3","0.3","2.0","13.9","0.0","-","-","-","-","-"
"431","Julius Chestnut","RB","TEN","10","-","-","10.6","10","1.06","16","0","0","0","0","0","12.9","53.5","0.3","1.8","14.3","0.0","-","-","-","-","-"
"432","Travis Homer","RB","CHI","5","-","-","10.5","14","0.75","16","0","0","0","0","0","14.4","65.0","0.3","1.2","8.4","0.0","-","-","-","-","-"
"433","Ashton Dulin","WR","IND","11","-","-","10.4","15","0.69","18","0","0","0","0","0","3.3","24.8","0.0","2.8","38.0","0.2","-","-","-","-","-"
"434","DeAndre Carter","WR","CLV","9","-","-","9.8","14","0.70","18","0","0","0","0","0","-","-","-","4.3","41.7","0.2","-","-","-","-","-"
"435","Simi Fehoko","WR","ARZ","8","-","-","9.6","7","1.37","18","0","0","0","0","0","-","-","-","3.9","43.6","0.2","-","-","-","-","-"
"436","Jaheim Bell","TE","NE","14","-","-","9.3","15","0.62","12","0","0","0","0","0","-","-","-","4.1","39.1","0.2","-","-","-","-","-"
"437","Trent Sherfield","WR","DEN","12","-","-","9.1","15","0.61","18","0","0","0","0","0","-","-","-","3.7","40.1","0.2","-","-","-","-","-"
"438","Clyde Edwards-Helaire","RB","NO","11","-","-","9.1","10","0.91","16","0","0","0","0","0","14.4","52.0","0.3","1.1","7.9","0.0","-","-","-","-","-"
"439","Hassan Haskins","RB","LAC","12","-","-","8.9","14","0.63","16","0","0","0","0","0","11.7","41.2","0.3","1.5","10.5","0.0","-","-","-","-","-"
"440","Devontez Walker","WR","BLT","7","-","-","8.7","14","0.62","18","0","0","0","0","0","-","-","-","3.0","41.5","0.3","-","-","-","-","-"
"441","Patrick Taylor","RB","SF","14","-","-","8.4","14","0.60","16","0","0","0","0","0","10.3","45.2","0.2","1.4","9.5","0.0","-","-","-","-","-"
"442","Sione Vaki","RB","DET","8","-","-","8.0","10","0.80","17","0","0","0","0","0","8.0","34.1","0.1","2.1","17.6","0.0","-","-","-","-","-"
"443","Ainias Smith","WR","PHI","9","-","-","8.0","10","0.80","18","0","0","0","0","0","1.9","8.9","0.1","3.3","24.1","0.2","-","-","-","-","-"
"444","Jacob Cowing","WR","SF","14","-","-","8.0","14","0.57","18","0","0","0","0","0","0.4","2.4","0.0","2.9","37.2","0.2","-","-","-","-","-"
"445","Eric Gray","RB","NYG","14","-","-","8.0","14","0.57","16","0","0","0","0","0","7.6","24.8","0.2","2.5","17.0","0.1","-","-","-","-","-"
"446","Ihmir Smith-Marsette","WR","NYG","14","-","-","7.8","10","0.78","18","0","0","0","0","0","-","-","-","2.9","37.3","0.2","-","-","-","-","-"
"447","Mitchell Evans","TE","CAR","14","-","-","7.8","10","0.78","12","0","0","0","0","0","-","-","-","3.3","32.0","0.2","-","-","-","-","-"
"448","Bryce Ford-Wheaton","WR","NYG","14","-","-","7.6","10","0.76","18","0","0","0","0","0","-","-","-","2.9","35.4","0.2","-","-","-","-","-"
"449","Ben Sims","TE","GB","5","-","-","7.6","15","0.50","12","0","0","0","0","0","-","-","-","3.5","26.5","0.2","-","-","-","-","-"
"450","Harrison Bryant","TE","PHI","9","-","-","7.5","15","0.50","12","0","0","0","0","0","-","-","-","3.6","29.5","0.2","-","-","-","-","-"
"451","Kalel Mullings","RB","TEN","10","-","-","7.4","10","0.74","16","0","0","0","0","0","11.9","49.6","0.4","0.2","1.8","0.0","-","-","-","-","-"
"452","Zamir White","RB","LV","8","-","-","7.2","13","0.55","16","0","0","0","0","0","12.4","43.8","0.2","0.9","5.4","0.0","-","-","-","-","-"
"453","David Moore","WR","CAR","14","-","-","7.1","14","0.51","18","0","0","0","0","0","-","-","-","3.0","28.0","0.2","-","-","-","-","-"
"454","Damien Martinez","RB","SEA","8","-","-","6.9","10","0.69","16","0","0","0","0","0","6.0","24.8","0.2","1.9","13.7","0.0","-","-","-","-","-"
"455","Frank Gore Jr.","RB","BUF","7","-","-","6.8","10","0.68","16","0","0","0","0","0","8.5","35.4","0.2","1.1","8.2","0.0","-","-","-","-","-"
"456","Eric Saubert","TE","SEA","8","-","-","6.7","14","0.48","12","0","0","0","0","0","-","-","-","2.9","27.4","0.2","-","-","-","-","-"
"457","K.J. Osborn","WR","WAS","12","-","-","6.7","10","0.67","18","0","0","0","0","0","-","-","-","2.7","29.4","0.2","-","-","-","-","-"
"458","Bub Means","WR","NO","11","-","-","6.7","10","0.67","18","0","0","0","0","0","-","-","-","2.7","31.0","0.1","-","-","-","-","-"
"459","Connor Heyward","TE","PIT","5","-","-","6.6","15","0.44","12","0","0","0","0","0","-","-","-","2.9","25.4","0.2","-","-","-","-","-"
"460","Tyler Scott","WR","CHI","5","-","-","6.4","14","0.46","18","0","0","0","0","0","-","-","-","2.5","29.1","0.2","-","-","-","-","-"
"461","Trey Palmer","WR","TB","9","-","-","6.1","15","0.41","18","0","0","0","0","0","-","-","-","2.4","28.4","0.2","-","-","-","-","-"
"462","Tyler Badie","RB","DEN","12","-","-","6.0","14","0.43","17","0","0","0","0","0","3.6","15.7","0.1","2.5","13.3","0.0","-","-","-","-","-"
"463","Tanner Conner","TE","MIA","12","-","-","6.0","15","0.40","12","0","0","0","0","0","-","-","-","2.8","21.4","0.2","-","-","-","-","-"
"464","Ronnie Rivers","RB","LA","8","-","-","5.9","10","0.59","16","0","0","0","0","0","10.4","41.6","0.2","0.5","3.0","0.0","-","-","-","-","-"
"465","Carson Steele","RB","KC","10","-","-","5.9","15","0.39","16","0","0","0","0","0","7.0","26.0","0.2","1.5","6.3","0.0","-","-","-","-","-"
"466","Robbie Ouzts","RB","SEA","8","-","-","5.8","15","0.39","16","0","0","0","0","0","3.6","15.6","0.1","1.6","19.5","0.0","-","-","-","-","-"
"467","Tim Jones","WR","MIN","6","-","-","5.7","15","0.38","18","0","0","0","0","0","-","-","-","2.5","24.7","0.1","-","-","-","-","-"
"468","Laviska Shenault Jr.","WR","BUF","7","-","-","5.6","12","0.47","18","0","0","0","0","0","2.3","10.8","0.1","1.9","17.4","0.1","-","-","-","-","-"
"469","Darrynton Evans","RB","BUF","7","-","-","5.5","10","0.55","17","0","0","0","0","0","4.3","13.9","0.1","1.8","15.0","0.1","-","-","-","-","-"
"470","Kevin Austin Jr.","WR","NO","11","-","-","5.3","10","0.53","18","0","0","0","0","0","2.0","15.0","0.0","1.5","17.2","0.1","-","-","-","-","-"
"471","Mason Tipton","WR","NO","11","-","-","5.3","10","0.53","18","0","0","0","0","0","-","-","-","2.2","23.2","0.1","-","-","-","-","-"
"472","Scott Matlock","RB","LAC","12","-","-","5.3","15","0.35","16","0","0","0","0","0","-","-","-","2.9","20.2","0.1","-","-","-","-","-"
"473","Chris Manhertz","TE","NYG","14","-","-","5.1","15","0.34","12","0","0","0","0","0","-","-","-","2.2","20.6","0.1","-","-","-","-","-"
"474","Jimmy Horn Jr.","WR","CAR","14","-","-","5.1","10","0.51","18","0","0","0","0","0","-","-","-","2.0","23.6","0.1","-","-","-","-","-"
"475","Tucker Fisk","TE","LAC","12","-","-","5.0","14","0.36","12","0","0","0","0","0","-","-","-","2.3","19.7","0.1","-","-","-","-","-"
"476","Devin Duvernay","WR","CHI","5","-","-","4.8","11","0.44","18","0","0","0","0","0","-","-","-","2.1","19.4","0.1","-","-","-","-","-"
"477","Jalen Reagor","WR","LAC","12","-","-","4.5","12","0.37","18","0","0","0","0","0","-","-","-","1.8","20.2","0.1","-","-","-","-","-"
"478","Rakim Jarrett","WR","TB","9","-","-","4.5","12","0.37","18","0","0","0","0","0","-","-","-","1.8","20.3","0.1","-","-","-","-","-"
"479","Shane Zylstra","TE","DET","8","-","-","4.3","14","0.31","12","0","0","0","0","0","-","-","-","1.9","17.1","0.1","-","-","-","-","-"
"480","James Proche","WR","TEN","10","-","-","4.2","10","0.42","18","0","0","0","0","0","-","-","-","1.8","18.9","0.1","-","-","-","-","-"
"481","Nate Adkins","TE","DEN","12","-","-","4.1","14","0.29","12","0","0","0","0","0","-","-","-","1.9","16.4","0.1","-","-","-","-","-"
"482","Michael Carter","RB","ARZ","8","-","-","4.0","14","0.28","17","0","0","0","0","0","2.1","8.8","0.1","1.6","10.3","0.0","-","-","-","-","-"
"483","Jared Wiley","TE","KC","10","-","-","4.0","10","0.40","12","0","0","0","0","0","-","-","-","1.8","16.0","0.1","-","-","-","-","-"
"484","Feleipe Franks","TE","ATL","5","-","-","3.9","14","0.28","12","0","0","0","0","0","-","-","-","1.6","16.6","0.1","-","-","-","-","-"
"485","Tommy Mellott","WR","LV","8","-","-","3.9","10","0.39","18","0","0","0","0","0","-","-","-","1.6","16.5","0.1","-","-","-","-","-"
"486","Terrace Marshall Jr.","WR","PHI","9","-","-","3.9","10","0.39","18","0","0","0","0","0","-","-","-","1.8","15.5","0.1","-","-","-","-","-"
"487","Joshua Cephus","WR","JAX","8","-","-","3.7","10","0.37","18","0","0","0","0","0","-","-","-","1.4","17.6","0.1","-","-","-","-","-"
"488","Brenden Bates","TE","CLV","9","-","-","3.7","14","0.26","12","0","0","0","0","0","-","-","-","1.8","13.6","0.1","-","-","-","-","-"
"489","Kendrick Bourne","WR","NE","14","-","-","3.5","14","0.25","18","0","0","0","0","0","-","-","-","1.4","15.8","0.1","-","-","-","-","-"
"490","Erik Ezukanma","WR","MIA","12","-","-","3.5","8","0.43","18","0","0","0","0","0","-","-","-","1.4","14.9","0.1","-","-","-","-","-"
"491","John FitzPatrick","TE","GB","5","-","-","3.4","13","0.26","12","0","0","0","0","0","-","-","-","1.7","12.4","0.1","-","-","-","-","-"
"492","David Bell","WR","CLV","9","-","-","3.3","14","0.24","18","0","0","0","0","0","-","-","-","1.4","14.7","0.1","-","-","-","-","-"
"493","Zach Davidson","TE","BUF","7","-","-","3.3","14","0.23","12","0","0","0","0","0","-","-","-","1.6","12.1","0.1","-","-","-","-","-"
"494","Kaden Prather","WR","BUF","7","-","-","3.2","14","0.23","18","0","0","0","0","0","-","-","-","1.2","13.8","0.1","-","-","-","-","-"
"495","Davis Allen","TE","LA","8","-","-","3.2","15","0.21","12","0","0","0","0","0","-","-","-","1.5","12.0","0.1","-","-","-","-","-"
"496","Isaiah Williams","WR","CIN","10","-","-","3.1","10","0.31","18","0","0","0","0","0","-","-","-","1.3","13.2","0.1","-","-","-","-","-"
"497","Chris Rodriguez Jr.","RB","WAS","12","-","-","2.7","8","0.33","16","0","0","0","0","0","3.9","17.9","0.1","0.2","1.2","0.0","-","-","-","-","-"
"498","Jackson Hawes","TE","BUF","7","-","-","2.6","14","0.19","12","0","0","0","0","0","-","-","-","1.1","11.5","0.1","-","-","-","-","-"
"499","Michael Gallup","WR","WAS","12","-","-","2.5","10","0.25","18","0","0","0","0","0","-","-","-","1.0","11.3","0.1","-","-","-","-","-"
"500","Travis Vokolek","TE","ARZ","8","-","-","2.4","10","0.24","12","0","0","0","0","0","-","-","-","1.2","9.0","0.1","-","-","-","-","-"
"501","Irv Smith","TE","HST","6","-","-","2.4","9","0.26","12","0","0","0","0","0","-","-","-","1.2","8.6","0.1","-","-","-","-","-"
"502","Ko Kieft","TE","TB","9","-","-","2.4","15","0.16","12","0","0","0","0","0","-","-","-","1.0","8.4","0.1","-","-","-","-","-"
"503","Dylan Laube","RB","LV","8","-","-","2.2","8","0.27","17","0","0","0","0","0","2.0","8.4","0.0","0.6","4.3","0.0","-","-","-","-","-"
"504","Emani Bailey","RB","CAR","14","-","-","2.2","10","0.22","17","0","0","0","0","0","3.3","13.7","0.1","0.2","1.8","0.0","-","-","-","-","-"
"505","LaJohntay Wester","WR","BLT","7","-","-","2.1","10","0.21","18","0","0","0","0","0","-","-","-","0.8","9.8","0.1","-","-","-","-","-"
"506","Patrick Ricard","RB","BLT","7","-","-","2.0","15","0.13","17","0","0","0","0","0","-","-","-","1.0","7.2","0.1","-","-","-","-","-"
"507","Devin Culp","TE","TB","9","-","-","2.0","5","0.39","12","0","0","0","0","0","-","-","-","0.8","7.7","0.1","-","-","-","-","-"
"508","Zaire Mitchell-Paden","TE","BLT","7","-","-","1.9","14","0.13","12","0","0","0","0","0","-","-","-","0.8","7.8","0.1","-","-","-","-","-"
"509","Kylen Granson","TE","PHI","9","-","-","1.7","15","0.11","12","0","0","0","0","0","-","-","-","0.8","6.9","0.0","-","-","-","-","-"
"510","Greg Dulcich","TE","NYG","14","-","-","1.6","8","0.20","12","0","0","0","0","0","-","-","-","0.7","6.7","0.0","-","-","-","-","-"
"511","Dee Eskridge","WR","MIA","12","-","-","1.5","8","0.19","18","0","0","0","0","0","-","-","-","0.6","6.2","0.0","-","-","-","-","-"
"512","David Martin-Robinson","TE","TEN","10","-","-","1.5","5","0.29","12","0","0","0","0","0","-","-","-","0.7","5.5","0.0","-","-","-","-","-"
"513","Nikola Kalinic","TE","ATL","5","-","-","1.4","14","0.10","12","0","0","0","0","0","-","-","-","0.6","6.2","0.0","-","-","-","-","-"
"514","D.J. Williams","RB","TB","9","-","-","1.4","5","0.27","17","0","0","0","0","0","1.3","5.3","0.0","0.4","2.8","0.0","-","-","-","-","-"
"515","Brayden Willis","TE","SF","14","-","-","1.3","10","0.13","12","0","0","0","0","0","-","-","-","0.6","5.7","0.0","-","-","-","-","-"
"516","Zack Kuntz","TE","NYJ","9","-","-","1.3","10","0.13","12","0","0","0","0","0","-","-","-","0.6","5.6","0.0","-","-","-","-","-"
"517","Nikko Remigio","WR","KC","10","-","-","1.2","5","0.25","18","0","0","0","0","0","-","-","-","0.5","5.8","0.0","-","-","-","-","-"
"518","Skyy Moore","WR","KC","10","-","-","1.2","12","0.10","18","0","0","0","0","0","-","-","-","0.5","5.1","0.0","-","-","-","-","-"
"519","Terrell Jennings","RB","NE","14","-","-","1.2","5","0.23","17","0","0","0","0","0","2.3","7.6","0.0","0.1","0.9","0.0","-","-","-","-","-"
"520","Albert Okwuegbunam","TE","IND","11","-","-","1.1","8","0.14","12","0","0","0","0","0","-","-","-","0.5","4.8","0.0","-","-","-","-","-"
"521","Xavier Smith","WR","LA","8","-","-","1.0","10","0.10","18","0","0","0","0","0","-","-","-","0.5","4.0","0.0","-","-","-","-","-"
"522","Laquon Treadwell","WR","IND","11","-","-","0.9","10","0.09","18","0","0","0","0","0","-","-","-","0.4","4.6","0.0","-","-","-","-","-"
"523","Dante Miller","RB","NYG","14","-","-","0.8","5","0.17","17","0","0","0","0","0","1.2","4.7","0.0","0.1","0.9","0.0","-","-","-","-","-"
"524","Anthony Gould","WR","IND","11","-","-","0.8","10","0.08","18","0","0","0","0","0","-","-","-","0.3","3.6","0.0","-","-","-","-","-"
"525","Tom Kennedy","WR","DET","8","-","-","0.6","10","0.06","18","0","0","0","0","0","-","-","-","0.2","2.6","0.0","-","-","-","-","-"
"526","Stephen Carlson","TE","CHI","5","-","-","0.5","10","0.05","12","0","0","0","0","0","-","-","-","0.2","1.9","0.0","-","-","-","-","-"
"527","Kenny Yeboah","TE","DET","8","-","-","0.5","10","0.05","12","0","0","0","0","0","-","-","-","0.2","2.0","0.0","-","-","-","-","-"
"528","Kene Nwangwu","RB","NYJ","9","-","-","0.2","8","0.03","17","0","0","0","0","0","0.4","1.5","0.0","-","-","-","-","-","-","-","-"