"","player","position","team","points","sd_pts","dropoff","floor","ceiling","points_vor","floor_vor","ceiling_vor","rank","floor_rank","ceiling_rank","position_rank","tier","adp","aav","uncertainty"
"1","Saquon Barkley","RB","PHI",279,12,9.4,264,295,164,176,151,1,1,1,1,"1",5.66,50.8,1
"2","Bijan Robinson","RB","ATL",270,16.4,9.23,251,293,154,163,148,2,2,2,2,"1",3.81,52.4,10
"3","Derrick Henry","RB","BAL",261,18.3,1.27,239,292,145,151,148,3,4,3,3,"1",11.8,47.7,13
"4","Jahmyr Gibbs","RB","DET",259,14.4,26.5,243,283,144,154,139,4,3,4,4,"2",6.64,47.9,8
"5","Josh Jacobs","RB","GB",233,19.4,4.04,203,255,117,115,111,5,7,6,5,"2",20.1,36,20
"6","Jonathan Taylor","RB","IND",229,25.6,3.07,202,262,113,114,118,6,8,5,6,"2",18.4,45.8,51
"7","Christian McCaffrey","RB","SF",226,16.6,2.25,203,245,110,115,101,7,6,9,7,"2",13.4,48.8,17
"8","Ashton Jeanty","RB","LVR",224,12,0.584,211,243,108,123,98.4,8,5,11,8,"2",10.8,58.2,4
"9","Devon Achane","RB","MIA",223,12.2,0.63,199,231,107,111,86.6,9,9,15,9,"2",15.9,35.7,6
"10","Kyren Williams","RB","LAR",222,20.5,4.62,193,247,107,104,102,10,12,8,10,"3",22.1,35.3,24
"11","Ja'Marr Chase","WR","CIN",237,18.3,29.1,215,265,106,107,107,11,10,7,1,"1",3.32,55,18
"12","Bucky Irving","RB","TB",218,17,10,193,239,102,104,94.3,12,11,13,11,"3",35.7,23.3,14
"13","James Cook","RB","BUF",208,19.8,1.15,183,231,92.2,94.1,86.6,13,13,16,12,"3",33.7,22.6,23
"14","Chase Brown","RB","CIN",207,19.8,14.6,180,228,91,91.8,83.4,14,14,17,13,"4",42.1,24.6,25
"15","Lamar Jackson","QB","BAL",363,24.5,0.512,334,394,89.8,85.8,100,15,16,10,1,"1",18.8,31,11
"16","Josh Allen","QB","BUF",362,24.6,15.1,329,388,89.3,80.8,93.6,16,18,14,2,"1",18.4,35,9
"17","Justin Jefferson","WR","MIN",208,24.4,10.3,186,255,77.2,78.3,96.9,17,19,12,2,"1",7.05,55.8,56
"18","Chuba Hubbard","RB","CAR",192,18.8,0.342,170,213,76.4,81.9,69.2,18,17,24,14,"4",58.7,21.4,21
"19","Breece Hall","RB","NYJ",192,14.3,4.16,178,214,76.1,89.1,69.8,19,15,23,15,"4",30.4,33.3,11
"20","Jayden Daniels","QB","WAS",347,19.8,6.87,323,375,74.2,74.9,80.5,20,20,18,3,"2",34.2,23.1,6
"21","James Conner","RB","ARI",187,22,2.26,160,216,71.9,71.3,71.7,21,21,21,16,"5",49.7,20.8,35
"22","Kenneth Walker III","RB","SEA",185,21.4,1.42,150,213,69.7,61.8,68.5,22,28,25,17,"5",41.7,21.1,32
"23","Omarion Hampton","RB","LAC",184,25.1,0.346,140,211,68.2,51.8,66.3,23,37,27,18,"5",44.5,36.7,75
"24","Alvin Kamara","RB","NO",183,19.7,5.99,159,208,67.9,70.1,63.5,24,23,29,19,"5",41.8,24.5,34
"25","Jalen Hurts","QB","PHI",340,15.3,12.6,319,360,67.3,70.8,65.6,25,22,28,4,"2",30.6,23.1,1
"26","CeeDee Lamb","WR","DAL",198,17.3,2.94,170,216,66.9,62.4,57.8,26,27,34,3,"1",7.84,52.1,21
"27","Puka Nacua","WR","LAR",195,16.4,1.11,176,218,63.9,68.7,60,27,24,30,4,"1",14.6,41.4,25
"28","Nico Collins","WR","HOU",194,17.3,2.07,174,217,62.8,66.1,59.3,28,25,31,5,"1",19.5,37.1,30
"29","D'Andre Swift","RB","CHI",177,23.9,9.62,145,214,61.9,56.6,70.2,29,32,22,20,"6",62.9,15.4,68
"30","George Kittle","TE","SF",151,14.5,3.29,136,173,61.7,55.5,67.8,30,33,26,1,"1",42.9,21.4,40
"31","Brian Thomas Jr.","WR","JAC",192,25.8,2.69,163,233,60.8,54.9,75.5,31,34,20,6,"2",31.6,27.3,73
"32","Trey McBride","TE","ARI",148,6.69,0.491,141,157,58.4,61.3,51.4,32,29,37,2,"1",36.9,23.3,1
"33","Malik Nabers","WR","NYG",189,28.8,4.92,162,238,58.1,54.1,80.2,33,36,19,7,"2",20,33.9,82
"34","Brock Bowers","TE","LVR",148,14.3,23.9,124,164,57.9,43.4,58.4,34,46,33,3,"2",38,25.3,46
"35","Joe Burrow","QB","CIN",328,19.5,24.8,300,346,54.8,51.4,52.3,35,38,35,5,"3",32.4,20.5,3
"36","Amon-Ra St. Brown","WR","DET",184,14.4,9.15,168,202,53.1,59.7,44.2,36,30,39,8,"2",14.2,48.5,13
"37","David Montgomery","RB","DET",168,11.2,6.94,154,183,52.3,66,38.8,37,26,43,21,"6",61.3,13.9,7
"38","TreVeyon Henderson","RB","NE",161,22.6,0.172,143,204,45.4,54.5,59.3,38,35,32,22,"6",65.4,24.9,66
"39","Joe Mixon","RB","HOU",161,27.7,0.952,117,192,45.2,28.4,47.8,39,54,38,23,"6",58.7,19.8,87
"40","Aaron Jones","RB","MIN",160,15.1,0.682,138,183,44.2,49.9,39.2,40,40,42,24,"6",65,17.3,15
"41","A.J. Brown","WR","PHI",175,20.4,0.528,156,210,44,47.9,51.8,41,41,36,9,"2",22.4,41.1,45
"42","Tony Pollard","RB","TEN",159,7.81,6.85,148,168,43.6,59.3,24.1,42,31,59,25,"7",79.7,11.9,1
"43","Ladd McConkey","WR","LAC",175,17.9,5.31,152,199,43.5,44.1,41.3,43,45,41,10,"3",41.8,21.1,34
"44","Drake London","WR","ATL",169,11.2,1.51,159,187,38.2,50.9,29.4,44,39,51,11,"3",24.8,32.6,1
"45","RJ Harvey","RB","DEN",152,16.6,6.21,134,176,36.7,45.2,31.8,45,44,48,26,"7",69.5,21.1,59
"46","Mike Evans","WR","TB",168,12.8,0.761,156,187,36.6,47.8,28.8,46,42,53,12,"3",40.1,24.9,11
"47","Tyreek Hill","WR","MIA",167,11.5,1.28,155,187,35.9,47.4,29.4,47,43,52,13,"3",31.7,42.4,7
"48","Terry McLaurin","WR","WAS",166,14.9,0.736,149,189,34.6,41,30.5,48,47,50,14,"3",48.7,18.9,35
"49","Sam LaPorta","TE","DET",124,10.3,3.01,112,139,34,31.5,33.9,49,51,45,4,"2",52.5,18,6
"50","Tee Higgins","WR","CIN",165,18.7,2.4,136,185,33.9,27.8,27.2,50,55,56,15,"3",40.2,23.2,44
"51","Davante Adams","WR","LAR",163,21.1,4.91,137,191,31.5,29,32.8,51,53,46,16,"3",39.7,29.6,62
"52","Mark Andrews","TE","BAL",121,12.2,15.3,107,137,31,26.7,32,52,58,47,5,"3",72.8,10.2,49
"53","Tyrone Tracy","RB","NYG",146,22.2,1.78,114,172,30.5,25.5,28,53,59,54,27,"7",95.2,9.59,65
"54","Patrick Mahomes","QB","KC",303,16.2,6.6,283,325,29.9,34.3,30.6,54,48,49,6,"3",44.7,22.6,14
"55","Kaleb Johnson","RB","PIT",144,26.1,0.188,104,179,28.7,16,35.1,55,73,44,28,"7",72.4,23.4,85
"56","Brian Robinson","RB","WAS",144,21.7,0.388,110,167,28.5,21.3,23.1,56,66,60,29,"7",84.2,9.45,41
"57","Isiah Pacheco","RB","KC",144,21.9,17.2,113,172,28.1,24.4,27.6,57,62,55,30,"8",76.6,14,49
"58","Jaxon Smith-Njigba","WR","SEA",158,18.1,4.94,131,184,26.6,23.4,26,58,63,58,17,"4",51.3,17.5,46
"59","Kyler Murray","QB","ARI",296,25.2,6.25,270,337,23.3,22.1,42.9,59,64,40,7,"4",73.2,13.2,63
"60","DK Metcalf","WR","PIT",153,7.97,0.103,140,162,21.6,32.1,3.9,60,49,105,18,"4",51,23.1,6
"61","Xavier Worthy","WR","KC",153,16.1,0.487,129,170,21.5,21.1,11.5,61,67,75,19,"4",66.3,11.3,49
"62","Jameson Williams","WR","DET",152,13.6,0.642,140,173,21,32,15,62,50,66,20,"4",74.3,8.47,37
"63","Marvin Harrison Jr.","WR","ARI",152,18.1,0.653,125,175,20.4,17,16.7,63,71,63,21,"4",39.3,27.4,52
"64","D.J. Moore","WR","CHI",151,12.1,0.629,137,170,19.7,29,12.1,64,52,73,22,"4",53.8,19,17
"65","Courtland Sutton","WR","DEN",150,13,2.83,135,171,19.1,27.4,13.2,65,56,69,23,"4",68.6,15.7,20
"66","Baker Mayfield","QB","TB",290,12.3,2.9,275,307,17.1,27.1,12.7,66,57,71,8,"4",65.4,11.6,17
"67","Brandon Aubrey","K","DAL",163,15.3,12.5,136,181,16.7,-2.03,22.9,67,147,61,1,"1",121,4.15,42
"68","Calvin Ridley","WR","TEN",147,13,0.673,133,164,16.3,25.2,6.04,68,61,94,24,"4",74.9,12.2,27
"69","Brian Branch","DB","DET",109,10.1,4,102,116,16.2,15.3,14.7,69,74,67,1,"1",NA,NA,35
"70","T.J. Hockenson","TE","MIN",105,7.43,1.51,97.6,116,15.8,17.6,11.2,70,69,76,6,"3",76.1,12.2,3
"71","DeVonta Smith","WR","PHI",147,14.3,0.0234,129,166,15.6,21,7.68,71,68,89,25,"4",58.4,16.4,28
"72","Garrett Wilson","WR","NYJ",147,12.1,2.39,133,167,15.6,25.4,9.42,72,60,81,26,"4",40.9,28.7,8
"73","Travis Kelce","TE","KC",104,11,1.59,87.3,118,14.3,7.25,13.1,73,96,70,7,"3",66.7,17.4,43
"74","Bo Nix","QB","DEN",287,19.9,6.39,261,314,14.2,13,19.7,74,77,62,9,"4",76.4,10.5,46
"75","Zay Flowers","WR","BAL",144,11.7,6.32,125,158,13.2,17.3,0.000597,75,70,129,27,"5",67.5,9.69,10
"76","David Njoku","TE","CLE",102,7.43,3.89,90.5,114,12.7,10.5,8.35,76,86,84,8,"4",98.3,7.28,11
"77","Kerby Joseph","DB","DET",105,9.19,0.657,98.7,111,12.2,11.9,10.1,77,78,79,2,"1",NA,8.26,46
"78","Jessie Bates","DB","ATL",104,4.53,3.12,101,107,11.6,14.2,5.98,78,75,96,3,"1",NA,7.46,22
"79","Jaylen Warren","RB","PIT",126,15.7,5.84,110,152,11,21.4,7.58,79,65,91,31,"8",101,6.32,28
"80","Zaire Franklin","LB","IND",99.8,1.77,0.164,98.5,101,9.83,10.6,8.21,80,84,86,1,"1",NA,15.8,2
"81","Zack Baun","LB","PHI",99.7,7.14,1.49,95.1,105,9.67,7.15,12.2,81,99,72,2,"1",NA,21.4,59
"82","Maxx Crosby","DL","LVR",54,3.11,0.0188,51.7,56,9.24,9.68,8.17,82,88,87,1,"1",NA,14.9,16
"83","Andrew Van Ginkel","DL","MIN",53.9,2.05,2.51,52.6,55.4,9.22,10.6,7.67,83,83,90,2,"1",NA,11.9,21
"84","Andrew Van Ginkel","DL","MIN",53.9,2.05,2.51,52.6,55.4,9.22,10.6,7.67,83,83,90,2,"1",NA,11.9,75
"85","Tucker Kraft","TE","GB",98.4,10.7,6.59,82.9,116,8.78,2.86,10.9,84,111,78,9,"5",115,5.3,26
"86","Kyle Hamilton","DB","BAL",101,4.95,0.0548,97.7,104,8.46,10.8,3.17,85,82,109,4,"1",NA,NA,13
"87","Julian Love","DB","SEA",101,1.2,0.187,100,102,8.41,13.1,0.362,86,76,125,5,"1",NA,6.77,6
"88","Julian Blackmon","DB","NO",101,NA,1.71,NA,NA,8.22,NA,NA,87,NA,NA,6,"1",NA,4.78,99
"89","Fred Warner","LB","SF",98.2,0.636,2.98,97.7,98.6,8.17,9.76,5.83,88,87,97,3,"1",NA,15,5
"90","Brock Purdy","QB","SF",281,12.2,6.26,264,294,7.79,16.1,-0.583,89,72,136,10,"5",91.8,6.05,34
"91","Jerry Jeudy","WR","CLE",138,16.8,0.000164,119,168,6.87,11.7,9.76,90,79,80,28,"5",92.5,9.19,51
"92","George Pickens","WR","DAL",138,13.4,0.885,118,155,6.87,10.6,-3.07,91,85,163,29,"5",72,10.8,31
"93","T.J. Watt","DL","PIT",51.4,2.19,3.61,50,53,6.71,8.03,5.27,92,93,98,3,"2",NA,18.2,9
"94","T.J. Watt","DL","PIT",51.4,2.19,3.61,50,53,6.71,8.03,5.27,92,93,98,3,"2",NA,18.2,28
"95","Reed Blankenship","DB","PHI",98.9,6.86,2.76,94.5,104,6.52,7.63,2.62,93,95,111,7,"2",NA,2.45,19
"96","Rashee Rice","WR","KC",137,22.3,4.55,114,167,5.99,5.94,9.01,94,101,82,30,"5",61.2,13.6,89
"97","Foyesade Oluokun","LB","JAC",95.2,6.72,1.93,90.9,100,5.19,2.95,7.37,95,110,92,4,"2",NA,14.3,49
"98","Javonte Williams","RB","DAL",121,27.3,1.11,81.7,160,5.15,-6.74,15.6,96,196,65,32,"9",110,8.42,83
"99","Cameron Dicker","K","LAC",151,10.8,0.985,129,159,4.19,-8.39,1.55,97,213,116,2,"1",155,2.5,32
"100","Rhamondre Stevenson","RB","NE",120,21.3,1.47,92.1,148,4.04,3.62,3.52,98,107,107,33,"9",109,7.08,63
"101","Budda Baker","DB","ARI",96.1,3.25,3.41,94,98.5,3.75,7.17,-2.79,99,97,162,8,"2",NA,10.5,2
"102","Texans","DST","HOU",99.1,7.76,1.08,91.2,108,3.63,4.84,1.61,100,103,115,1,"1",133,1.59,3
"103","Logan Wilson","LB","CIN",93.3,3.46,0.562,91.1,95.8,3.26,3.1,3.05,101,109,110,5,"2",NA,15.9,19
"104","Jake Bates","K","DET",150,4.02,0.768,146,158,3.2,8.79,-0.226,102,91,133,3,"1",147,2.46,1
"105","Nik Bonitto","DL","DEN",47.8,5.23,0.097,44.5,51.7,3.11,2.48,3.89,103,117,106,4,"2",NA,6.79,41
"106","Nik Bonitto","DL","DEN",47.8,5.23,0.097,44.5,51.7,3.11,2.48,3.89,103,117,106,4,"2",NA,6.79,91
"107","Derrick Brown","DL","CAR",47.7,3.46,1.16,45.2,49.9,3.01,3.18,2.17,104,108,113,5,"3",NA,NA,29
"108","Alex Singleton","LB","DEN",92.7,6.58,1.31,88.5,97.5,2.7,0.544,4.78,105,127,99,6,"2",NA,13.1,47
"109","Quinshon Judkins","RB","CLE",118,34.1,2.57,84.6,171,2.57,-3.89,26.9,106,165,57,34,"9",105,12.8,94
"110","Broncos","DST","DEN",98.1,10.3,2.55,86.4,113,2.55,0,6.61,107,130,93,2,"2",121,2.24,10
"111","Kaimi Fairbairn","K","HOU",149,7.3,0.588,138,158,2.43,0,0,108,130,130,4,"1",162,1.24,52
"112","Tyler Warren","TE","IND",91.8,6.33,0.0369,84.7,101,2.18,4.58,-3.92,109,105,172,10,"5",118,10.2,23
"113","Dallas Goedert","TE","PHI",91.8,8.75,1.1,82.7,106,2.15,2.67,0.82,110,113,120,11,"5",129,4.92,20
"114","Jake Elliott","K","PHI",149,4.4,0.341,140,153,1.85,2.56,-5.28,112,116,183,5,"1",152,1.89,16
"115","Jonathan Greenard","DL","MIN",46.6,6.36,0.255,42.5,51.2,1.85,0.494,3.46,111,128,108,6,"3",NA,10.7,49
"116","Jonathan Greenard","DL","MIN",46.6,6.36,0.255,42.5,51.2,1.85,0.494,3.46,111,128,108,6,"3",NA,10.7,82
"117","Aidan Hutchinson","DL","DET",46.3,4.1,0.598,43.3,48.9,1.59,1.3,1.16,113,123,118,7,"3",NA,14.5,24
"118","Justin Herbert","QB","LAC",275,14.5,0.674,258,294,1.53,9.46,0,114,90,130,11,"5",111,8.83,54
"119","Matt Gay","K","WAS",148,6.92,0.0101,142,160,1.5,4.72,2.12,115,104,114,6,"1",163,1.61,84
"120","Chase McLaughlin","K","TB",148,8.9,1.49,132,158,1.49,-5.3,0.344,116,178,126,7,"1",155,1.93,23
"121","Jaylen Waddle","WR","MIA",133,11.4,0.212,119,149,1.44,11.3,-9.34,117,80,227,31,"5",80.8,16.6,23
"122","Daiyan Henley","LB","LAC",91.4,0.919,0.194,90.7,92,1.39,2.77,-0.777,118,112,139,7,"2",NA,NA,29
"123","Deebo Samuel","WR","WAS",132,21,0.255,103,167,1.23,-5.1,8.46,119,177,83,32,"5",84.6,14.3,79
"124","T.J. Edwards","LB","CHI",91.2,1.84,0.945,90,92.6,1.2,2.07,-0.208,120,119,132,8,"2",NA,17.5,7
"125","Kyle Pitts","TE","ATL",90.7,5.6,1.05,83.7,98.2,1.05,3.64,-7.03,121,106,202,12,"5",124,6.97,14
"126","Danielle Hunter","DL","HOU",45.7,3.18,0.299,43.4,47.8,0.994,1.38,-0.0277,122,122,131,8,"3",NA,12,14
"127","Danielle Hunter","DL","HOU",45.7,3.18,0.299,43.4,47.8,0.994,1.38,-0.0277,122,122,131,8,"3",NA,12,67
"128","Jordan Addison","WR","MIN",132,19.8,0.00411,115,166,0.975,7.16,7.79,123,98,88,33,"5",94,4.66,65
"129","Travis Hunter","WR","JAC",132,19.8,0.0321,106,162,0.971,-2.19,4.19,124,148,102,34,"5",71.5,22,72
"130","Travis Hunter","WR","JAC",132,19.8,0.0321,106,162,0.971,-2.19,4.19,124,148,102,34,"5",71.5,22,96
"131","Jayden Reed","WR","GB",132,13.5,0.939,116,154,0.939,8.4,-4.41,125,92,173,35,"5",105,4.18,38
"132","Caleb Williams","QB","CHI",274,18.5,0.857,259,308,0.857,11.1,14,126,81,68,12,"5",101,7.77,66
"133","Jared Verse","DL","LAR",45.4,6.08,0.695,40.9,49.3,0.695,-1.05,1.53,127,137,117,9,"3",NA,NA,46
"134","Jared Verse","DL","LAR",45.4,6.08,0.695,40.9,49.3,0.695,-1.05,1.53,127,137,117,9,"3",NA,NA,93
"135","Jordan Battle","DB","CIN",92.7,11.2,0.341,85.6,101,0.341,-1.31,-0.382,128,138,135,9,"2",NA,5.11,57
"136","Roquan Smith","LB","BAL",90.3,1.13,0.251,89.4,91,0.251,1.47,-1.78,129,121,153,9,"2",NA,25,1
"137","Jared Goff","QB","DET",273,21.8,5.95,248,311,0,0,16.4,130,130,64,13,"5",98.1,6.65,74
"138","Najee Harris","RB","LAC",115,15,1.09,98,132,0,9.54,-12,130,89,255,35,"9",113,7.48,46
"139","Tetairoa McMillan","WR","CAR",131,20.2,0.89,103,164,0,-4.36,5.98,130,169,95,36,"5",72.9,25.2,83
"140","Colston Loveland","TE","CHI",89.6,15.7,1.75,71.8,116,0,-8.29,11.1,130,212,77,13,"5",114,10.8,80
"141","Chris Boswell","K","PIT",147,5.2,0.013,139,153,0,1.06,-5.22,130,126,182,8,"1",162,1.9,65
"142","Ravens","DST","BAL",95.5,7.22,0.888,89,107,0,2.65,0,130,114,130,3,"3",118,1.94,6
"143","Anfernee Jennings","DL","NE",44.7,0.424,0.514,44.4,45,0,2.41,-2.79,130,118,161,10,"4",NA,NA,30
"144","Ernest Jones","LB","SEA",90,3.04,0.019,87.8,92,0,-0.179,-0.808,130,132,140,10,"2",NA,10.8,10
"145","DeShon Elliott","DB","PIT",92.4,23.5,1.55,77.3,110,0,-9.53,8.32,130,226,85,10,"2",NA,10.3,81
"146","Jason Sanders","K","MIA",147,9.95,0.562,134,162,-0.013,-3.52,4,131,160,103,9,"1",155,1.18,74
"147","Bobby Okereke","LB","NYG",90,4.6,0.425,86.6,92.9,-0.019,-1.34,0.169,132,139,127,11,"2",NA,16.2,41
"148","Jamien Sherwood","LB","NYJ",89.6,2.19,0.594,88,91,-0.444,0,-1.8,133,130,154,12,"2",NA,20.7,34
"149","Bradley Chubb","DL","MIA",44.2,3.68,0.0126,41.9,46.9,-0.514,-0.145,-0.871,134,131,141,11,"4",NA,4.2,66
"150","Nick Bosa","DL","SF",44.2,4.88,1.23,41.1,47.8,-0.526,-0.928,0,135,134,130,12,"4",NA,9.31,34
"151","Evan McPherson","K","CIN",146,7.02,0.112,140,158,-0.575,2.63,0.454,136,115,122,10,"1",172,2.25,35
"152","Harrison Butker","K","KC",146,5.5,0.35,138,154,-0.687,0.342,-3.84,137,129,171,11,"1",176,2.37,13
"153","Eagles","DST","PHI",94.6,10,3.53,78.9,103,-0.888,-7.47,-3.45,138,205,166,4,"4",121,1.53,26
"154","Rome Odunze","WR","CHI",130,18.6,0.71,108,154,-0.89,0,-3.64,139,130,167,37,"5",91.6,7.07,59
"155","Tyler Bass","K","BUF",146,9.6,1.36,131,160,-1.04,-6.51,2.18,140,191,112,12,"1",164,1.6,61
"156","Robert Spillane","LB","NE",89,6.15,0.311,84.5,92.9,-1.04,-3.5,0.146,141,159,128,13,"2",NA,14,31
"157","J.K. Dobbins","RB","DEN",114,16.5,3.73,94.8,141,-1.09,6.31,-3.66,142,100,168,36,"9",111,9.33,72
"158","Nick Bolton","LB","KC",88.7,5.59,2.03,85.1,92.8,-1.35,-2.87,0,143,153,130,14,"3",NA,14.3,42
"159","Kevin Byard","DB","CHI",90.8,12,0.785,83.2,99.6,-1.55,-3.7,-1.7,144,162,151,11,"2",NA,9.07,44
"160","Jauan Jennings","WR","SF",130,12.4,1.24,113,147,-1.6,5.05,-11,145,102,240,38,"5",104,10.2,39
"161","Evan Engram","TE","DEN",87.9,8.64,0.761,80.1,104,-1.75,0,-1.44,146,130,147,14,"5",108,9.43,37
"162","Myles Garrett","DL","CLE",43,4.53,0.817,40.1,46.3,-1.76,-1.93,-1.49,147,144,149,13,"4",NA,23.5,32
"163","Calen Bullock","DB","HOU",90,4.95,0.253,86.9,93.7,-2.34,0,-7.63,148,130,206,12,"2",NA,NA,80
"164","Younghoe Koo","K","ATL",144,8.99,0.104,135,157,-2.4,-3.05,-1.28,149,154,146,13,"1",167,1.08,48
"165","Wil Lutz","K","DEN",144,5.05,1.34,139,153,-2.5,1.78,-4.69,150,120,175,14,"1",169,1.92,19
"166","Jonnu Smith","TE","PIT",87.1,17.9,0.33,63.6,109,-2.51,-16.4,4,151,296,104,15,"5",132,2.74,89
"167","Jeffery Simmons","DL","TEN",42.1,2.83,0.00397,40.1,44,-2.57,-1.93,-3.82,152,143,170,14,"4",NA,9.98,17
"168","Jaelan Phillips","DL","MIA",42.1,8.77,0.143,36.5,48.6,-2.58,-5.47,0.805,153,179,121,15,"4",NA,NA,99
"169","Antoine Winfield","DB","TB",89.8,8.84,0.716,84.1,96.3,-2.59,-2.74,-5.02,154,152,179,13,"3",NA,12.4,31
"170","Khalil Mack","DL","LAC",42,1.01e-14,0.101,42,42,-2.72,0,-5.78,155,130,185,16,"4",NA,4.25,11
"171","Khalil Mack","DL","LAC",42,1.01e-14,0.101,42,42,-2.72,0,-5.78,155,130,185,16,"4",NA,4.25,50
"172","Harold Landry","DL","NE",41.9,2.9,0.0569,40,44,-2.82,-1.96,-3.75,156,146,169,17,"4",NA,5.28,20
"173","Harold Landry","DL","NE",41.9,2.9,0.0569,40,44,-2.82,-1.96,-3.75,156,146,169,17,"4",NA,5.28,72
"174","Jakobi Meyers","WR","LVR",128,7.87,2.4,116,138,-2.84,8,-20.3,157,94,363,39,"5",104,7.48,3
"175","Zach Ertz","TE","WAS",86.8,11.2,1.48,73.1,105,-2.84,-6.96,0,158,201,130,16,"5",146,4.47,60
"176","Josh Allen","DL","JAC",41.8,1.77,0.0106,40.5,43,-2.88,-1.46,-4.81,159,140,177,18,"4",NA,6.38,12
"177","Josh Allen","DL","JAC",41.8,1.77,0.0106,40.5,43,-2.88,-1.46,-4.81,159,140,177,18,"4",NA,6.38,59
"178","DeForest Buckner","DL","IND",41.8,6.36,0.322,37.2,45.9,-2.89,-4.84,-1.87,160,173,155,19,"4",NA,7.46,51
"179","Gregory Rousseau","DL","BUF",41.5,0.778,0.417,41,42.1,-3.21,-0.988,-5.7,161,135,184,20,"5",NA,6.58,8
"180","Xavier McKinney","DB","GB",89.1,1.41,0.24,88,90,-3.3,1.16,-11.3,162,124,244,14,"3",NA,NA,11
"181","Jordyn Brooks","LB","MIA",86.6,7.07,0.261,82.1,91.8,-3.38,-5.85,-0.936,163,183,142,15,"3",NA,14.7,46
"182","Camryn Bynum","DB","IND",88.8,1.27,0.387,88,89.8,-3.54,1.15,-11.5,164,125,249,15,"3",NA,4.27,30
"183","Brian Burns","DL","NYG",41.1,0.141,0.229,41,41.2,-3.63,-0.998,-6.58,165,136,196,21,"5",NA,14.4,1
"184","Brian Burns","DL","NYG",41.1,0.141,0.229,41,41.2,-3.63,-0.998,-6.58,165,136,196,21,"5",NA,14.4,45
"185","Kaden Elliss","LB","ATL",86.4,0.566,0.571,86,86.8,-3.64,-1.95,-5.98,166,145,192,16,"3",NA,8.4,3
"186","Tyler Loop","K","BAL",143,4.49,0.82,135,148,-3.85,-2.73,-9.7,167,151,229,15,"2",180,1.35,77
"187","Alex Highsmith","DL","PIT",40.9,7.42,0.0589,36.1,46.3,-3.86,-5.89,-1.46,168,184,148,22,"5",NA,5.47,62
"188","Alex Highsmith","DL","PIT",40.9,7.42,0.0589,36.1,46.3,-3.86,-5.89,-1.46,168,184,148,22,"5",NA,5.47,97
"189","Leonard Williams","DL","SEA",40.8,8.56,0.306,35.3,47.1,-3.92,-6.67,-0.69,169,193,138,23,"5",NA,6.96,80
"190","Coby Bryant","DB","SEA",88.4,33.7,0.347,66.9,113,-3.93,-20,11.9,170,343,74,16,"3",NA,4.51,96
"191","Troy Reeder","LB","LAR",85.8,NA,0.745,NA,NA,-4.21,NA,NA,171,NA,NA,17,"3",NA,7.42,85
"192","Carl Granderson","DL","NO",40.5,3.82,0.0524,37.7,42.9,-4.22,-4.31,-4.84,172,168,178,24,"5",NA,NA,43
"193","Cameron Heyward","DL","PIT",40.4,6.79,1.37,36.1,45.4,-4.28,-5.9,-2.35,173,185,156,25,"5",NA,3.17,68
"194","Andrew Mukuba","DB","PHI",88.1,NA,0.504,NA,NA,-4.28,NA,NA,174,NA,NA,17,"3",NA,NA,NA
"195","Hunter Henry","TE","NE",85.3,7.71,1.49,78.5,98.1,-4.32,-1.53,-7.1,175,141,203,17,"5",153,4.14,29
"196","Cowboys","DST","DAL",91.1,11.5,1.67,80.2,106,-4.42,-6.22,-0.243,176,189,134,5,"5",160,0.55,97
"197","Daniel Carlson","K","LVR",142,5.12,0.605,135,147,-4.67,-3.05,-10.9,177,155,239,16,"2",172,1.17,26
"198","Nick Cross","DB","IND",87.6,11.6,0.194,80.2,96.1,-4.78,-6.7,-5.19,178,195,181,18,"3",NA,12.3,43
"199","Zach Charbonnet","RB","SEA",111,20.6,0.25,81.6,142,-4.82,-6.81,-2.63,179,198,160,37,"9",124,4.11,39
"200","Alex Anzalone","LB","DET",85.1,2.97,0.787,82.9,87,-4.95,-5.08,-5.81,180,176,186,18,"3",NA,11.2,27
"201","Brandon Jones","DB","DEN",87.4,14.4,0.848,78.2,97.9,-4.97,-8.66,-3.36,181,218,165,19,"3",NA,9.46,61
"202","Travis Etienne","RB","JAC",110,21,2.44,83.8,144,-5.07,-4.61,0,182,171,130,38,"9",100,17.3,61
"203","Chris Godwin","WR","TB",126,23.1,0.428,94.8,159,-5.24,-13,0.966,183,256,119,40,"5",89.2,9.53,86
"204","Will Reichard","K","MIN",141,10.1,0.307,129,153,-5.27,-8.48,-4.77,184,216,176,17,"2",172,1.17,94
"205","Brandon McManus","K","GB",141,10.4,2.38,125,155,-5.58,-12.2,-2.6,185,250,159,18,"2",178,1.24,90
"206","Micah Parsons","DL","DAL",39.1,1.41,0.166,38,40,-5.65,-3.97,-7.8,186,167,208,26,"5",NA,16.7,5
"207","Micah Parsons","DL","DAL",39.1,1.41,0.166,38,40,-5.65,-3.97,-7.8,186,167,208,26,"5",NA,16.7,36
"208","Chris Olave","WR","NO",125,20,3.59,102,157,-5.66,-5.63,-1.16,187,181,145,41,"6",92.4,9.46,69
"209","Lavonte David","LB","TB",84.3,4.17,0.259,81.2,86.9,-5.74,-6.75,-5.83,188,197,187,19,"3",NA,12.5,24
"210","Jake Ferguson","TE","DAL",83.8,5.86,0.745,76.7,93.8,-5.81,-3.4,-11.4,189,158,246,18,"5",136,4.29,9
"211","Kobie Turner","DL","LAR",38.9,0.141,0.442,38.8,39,-5.81,-3.2,-8.78,190,156,220,27,"5",NA,6.53,3
"212","Chauncey Gardner-Johnson","DB","HOU",86.6,20.1,0.566,73.7,101,-5.82,-13.2,0,191,260,130,20,"3",NA,3.79,93
"213","Dak Prescott","QB","DAL",267,14.9,2.7,244,285,-5.95,-4.37,-9.11,192,170,224,14,"5",90.7,9.98,51
"214","Bobby Wagner","LB","WAS",84,3.04,0.406,81.8,86,-6,-6.18,-6.81,193,188,199,20,"3",NA,14.2,20
"215","Rams","DST","LAR",89.4,8.95,0.592,78.3,100,-6.09,-8.1,-6.7,194,210,198,6,"6",179,0.57,35
"216","AShawn Robinson","DL","CAR",38.5,8.34,0.0654,33.1,44.6,-6.26,-8.88,-3.18,195,221,164,28,"5",NA,NA,95
"217","Tershawn Wharton","DL","CAR",38.4,NA,0.815,NA,NA,-6.32,NA,NA,196,NA,NA,29,"6",NA,4.13,NA
"218","Jaquan Brisker","DB","CHI",86,21.4,0.689,72.3,102,-6.39,-14.6,0.369,197,278,124,21,"3",NA,9.5,70
"219","Quincy Williams","LB","NYJ",83.6,0.919,0.362,83,84.3,-6.41,-4.94,-8.49,198,175,217,21,"3",NA,15.1,22
"220","Isaiah Likely","TE","BAL",83.1,13.7,1.54,65.9,104,-6.56,-14.2,-0.941,199,275,143,19,"6",147,3.5,83
"221","Vikings","DST","MIN",88.8,2.45,0.603,85.9,92.7,-6.68,-0.459,-13.9,200,133,278,7,"6",142,1.47,1
"222","Devin Lloyd","LB","JAC",83.2,2.69,0.0608,81.3,85,-6.77,-6.69,-7.8,201,194,209,22,"3",NA,NA,36
"223","Tyrel Dodson","LB","MIA",83.2,11,1.62,76.2,91.2,-6.83,-11.8,-1.53,202,245,150,23,"3",NA,16.7,61
"224","Trevon Moehrig","DB","CAR",85.3,9.62,0.4,79.1,92.4,-7.08,-7.73,-8.94,203,206,222,22,"3",NA,6.86,48
"225","Will Anderson","DL","HOU",37.6,7,0.221,33.1,42.7,-7.14,-8.9,-5.05,204,222,180,30,"6",NA,NA,47
"226","Bills","DST","BUF",88.2,10.1,2.1,69.6,95.1,-7.29,-16.8,-11.6,205,299,251,8,"7",140,1.39,61
"227","Jermaine Johnson","DL","NYJ",37.4,2.19,0.364,35.8,38.8,-7.36,-6.25,-9.01,206,190,223,31,"6",NA,NA,33
"228","Jermaine Johnson","DL","NYJ",37.4,2.19,0.364,35.8,38.8,-7.36,-6.25,-9.01,206,190,223,31,"6",NA,NA,55
"229","Derwin James","DB","LAC",84.9,2.9,0.00212,83,87,-7.48,-3.83,-14.3,207,164,287,23,"3",NA,22.9,4
"230","Grant Delpit","DB","CLE",84.9,1.98,0.377,83.6,86.4,-7.48,-3.24,-15,208,157,294,24,"3",NA,8.38,7
"231","Austin Ekeler","RB","WAS",108,12.2,3,88.4,118,-7.5,0,-25.8,209,130,417,39,"9",133,6,27
"232","Keion White","DL","NE",37,NA,0.12,NA,NA,-7.72,NA,NA,210,NA,NA,32,"6",NA,NA,18
"233","Keion White","DL","NE",37,NA,0.12,NA,NA,-7.72,NA,NA,210,NA,NA,32,"6",NA,NA,37
"234","Tuli Tuipulotu","DL","LAC",36.9,1.34,0.68,36,37.9,-7.84,-5.98,-9.91,211,186,230,33,"6",NA,NA,26
"235","Tuli Tuipulotu","DL","LAC",36.9,1.34,0.68,36,37.9,-7.84,-5.98,-9.91,211,186,230,33,"6",NA,NA,96
"236","Byron Murphy","DB","MIN",84.5,5.37,0.0653,81.1,88.5,-7.86,-5.79,-12.8,212,182,261,25,"3",NA,5.04,76
"237","Jeremy Chinn","DB","LVR",84.5,3.75,0.0589,82.1,87.2,-7.92,-4.82,-14.1,213,172,281,26,"3",NA,7.22,9
"238","Joshua Karty","K","LAR",139,4.41,1.39,131,144,-7.96,-6.51,-13.9,214,192,274,19,"2",191,1.59,3
"239","Tyrique Stevenson","DB","CHI",84.4,4.88,0.296,81.3,88,-7.98,-5.6,-13.3,215,180,264,27,"3",NA,NA,78
"240","Dalton Kincaid","TE","BUF",81.5,8.37,1.33,66.6,90.4,-8.09,-13.5,-14.8,216,262,291,20,"6",137,4.48,17
"241","Riley Moss","DB","DEN",84.1,NA,0.6,NA,NA,-8.28,NA,NA,217,NA,NA,28,"3",NA,4.92,63
"242","Azeez Al-Shaair","LB","HOU",81.6,0.849,0.0378,81,82.2,-8.45,-6.94,-10.6,218,200,236,24,"3",NA,13.2,32
"243","Tremaine Edmunds","LB","CHI",81.5,4.45,0.956,78.7,84.8,-8.49,-9.29,-7.97,219,225,210,25,"4",NA,10.7,44
"244","Davon Hamilton","DL","JAC",36.2,NA,0.0588,NA,NA,-8.52,NA,NA,220,NA,NA,34,"6",NA,NA,NA
"245","YaYa Diaby","DL","TB",36.1,7.85,0.0926,31.1,41.9,-8.58,-10.9,-5.87,221,238,189,35,"6",NA,6.77,64
"246","YaYa Diaby","DL","TB",36.1,7.85,0.0926,31.1,41.9,-8.58,-10.9,-5.87,221,238,189,35,"6",NA,6.77,87
"247","Justin Fields","QB","NYJ",264,33.7,9.98,200,295,-8.65,-48.6,0.451,222,534,123,15,"6",101,6.82,89
"248","Kwity Paye","DL","IND",36,7.71,0.0486,31.1,41.7,-8.67,-10.9,-6.07,223,239,194,36,"6",NA,4.61,70
"249","Morgan Fox","DL","ATL",36,NA,0.137,NA,NA,-8.72,NA,NA,224,NA,NA,37,"6",NA,NA,NA
"250","D.J. Wonnum","DL","CAR",35.9,7.42,0.169,31.1,41.3,-8.86,-10.9,-6.46,225,240,195,38,"6",NA,NA,86
"251","Christian Izien","DB","TB",83.5,NA,0.239,NA,NA,-8.88,NA,NA,226,NA,NA,29,"3",NA,1.92,1
"252","Trey Hendrickson","DL","CIN",35.7,1.06,0.556,35,36.5,-9.03,-6.98,-11.3,227,202,243,39,"6",NA,10.9,4
"253","Taron Johnson","DB","BUF",83.3,0.212,0.615,83.1,83.4,-9.12,-3.77,-17.9,228,163,330,30,"3",NA,NA,17
"254","Matthew Golden","WR","GB",122,23.1,3.76,95.3,158,-9.25,-12.5,0,229,253,130,42,"6",105,14.6,94
"255","Jake Moody","K","SF",137,6.31,1.15,131,148,-9.35,-6.89,-10,230,199,232,20,"2",168,0.55,68
"256","Steelers","DST","PIT",86.1,6.96,0.749,78.5,94.5,-9.39,-7.91,-12.1,231,209,256,9,"8",127,1.78,16
"257","Cade Otton","TE","TB",80.2,9.32,1.75,63,90.3,-9.43,-17,-14.9,232,309,293,21,"6",163,4.04,51
"258","Terrel Bernard","LB","BUF",80.6,9.83,0.875,73.3,86.9,-9.45,-14.6,-5.91,233,279,191,26,"4",NA,13.2,53
"259","Zach Sieler","DL","MIA",35.1,0.212,0.137,35,35.3,-9.58,-7,-12.5,234,203,259,40,"7",NA,7.32,7
"260","Cameron Jordan","DL","NO",35,7.64,0.0653,30.1,40.6,-9.72,-11.9,-7.17,235,246,204,41,"7",NA,4.66,92
"261","Kenny Moore","DB","IND",82.6,6.79,0.619,78.3,87.6,-9.73,-8.57,-13.7,236,217,271,31,"3",NA,3.22,28
"262","Josh Sweat","DL","ARI",34.9,6.01,0.237,31.1,39.4,-9.79,-10.9,-8.43,237,241,216,42,"7",NA,4.08,58
"263","Josh Sweat","DL","ARI",34.9,6.01,0.237,31.1,39.4,-9.79,-10.9,-8.43,237,241,216,42,"7",NA,4.08,88
"264","Kyle Van Noy","DL","BAL",34.7,NA,0.685,NA,NA,-10,NA,NA,238,NA,NA,43,"7",NA,4.58,71
"265","Kyle Van Noy","DL","BAL",34.7,NA,0.685,NA,NA,-10,NA,NA,238,NA,NA,43,"7",NA,4.58,78
"266","49ers","DST","SF",85.4,11.4,0.508,67.5,96.5,-10.1,-18.9,-10.2,239,329,233,10,"9",168,0.55,77
"267","Ivan Pace","LB","MIN",79.7,24.3,0.495,64.2,97.5,-10.3,-23.8,4.74,240,391,100,27,"4",NA,4.01,93
"268","Evan Williams","DB","GB",82,25.4,0.128,65.8,101,-10.3,-21.1,-0.63,241,358,137,32,"3",NA,5.16,94
"269","Tank Bigsby","RB","JAC",105,25.2,0.937,68.2,136,-10.5,-20.3,-8.32,244,347,214,40,"9",123,4.79,79
"270","Cam Little","K","JAC",136,7.34,0.237,126,150,-10.5,-11.3,-8.36,243,243,215,21,"2",181,0,39
"271","Jaylon Jones","DB","IND",81.9,NA,0.287,NA,NA,-10.5,NA,NA,242,NA,NA,33,"3",NA,2.62,NA
"272","Seahawks","DST","SEA",84.9,6.62,0.0338,77.9,92.7,-10.6,-8.46,-14,245,214,280,11,"9",151,1.07,29
"273","Jason Myers","K","SEA",136,4.41,3.61,130,140,-10.7,-7.83,-17.6,249,207,324,22,"3",151,0.6,6
"274","Packers","DST","GB",84.8,12.2,0.548,70.2,101,-10.7,-16.2,-6.06,246,293,193,12,"9",156,0.807,81
"275","Travon Walker","DL","JAC",34,0.283,0.0231,33.8,34.2,-10.7,-8.19,-13.6,247,211,267,44,"7",NA,NA,1
"276","Travon Walker","DL","JAC",34,0.283,0.0231,33.8,34.2,-10.7,-8.19,-13.6,247,211,267,44,"7",NA,NA,39
"277","Zach Allen","DL","DEN",34,3.04,0.48,32,36.2,-10.7,-9.95,-11.6,248,228,250,45,"7",NA,8.93,13
"278","Cody Barton","LB","TEN",79.2,3.04,1.68,77.2,81.4,-10.8,-10.7,-11.3,251,234,245,28,"4",NA,11.1,39
"279","Justin Reid","DB","NO",81.6,5.52,0.113,78.1,85.7,-10.8,-8.79,-15.6,250,219,304,34,"3",NA,4.46,33
"280","Kamren Kinchens","DB","LAR",81.5,NA,0.14,NA,NA,-10.9,NA,NA,252,NA,NA,35,"4",NA,NA,20
"281","Mike Sainristil","DB","WAS",81.4,4.03,0.458,78.4,83.9,-11,-8.47,-17.4,253,215,321,36,"4",NA,1.82,72
"282","Darren Waller","TE","MIA",78.5,14.6,2.68,63.2,104,-11.2,-16.9,-1.03,254,304,144,22,"6",168,12.5,91
"283","Chiefs","DST","KC",84.3,8.88,0.258,72.6,91,-11.2,-13.8,-15.7,256,269,305,13,"9",155,0.857,65
"284","Demarcus Lawrence","DL","SEA",33.5,8.41,0.4,28.1,39.7,-11.2,-13.9,-8.09,255,270,212,46,"7",NA,2.42,89
"285","Rachaad White","RB","TB",104,19,1.2,83.6,137,-11.4,-4.85,-6.81,257,174,200,41,"10",115,8.95,56
"286","Commanders","DST","WAS",84,14.6,0.555,64.7,98.4,-11.5,-21.7,-8.26,259,363,213,14,"10",177,0,94
"287","Talanoa Hufanga","DB","DEN",80.9,17.3,0.158,69.9,93.6,-11.5,-17,-7.73,258,307,207,37,"4",NA,4.49,65
"288","Adam Butler","DL","LVR",33.1,1.7,0.0116,32,34.4,-11.6,-9.97,-13.4,260,229,265,47,"7",NA,NA,63
"289","Braden Fiske","DL","LAR",33.1,NA,0.22,NA,NA,-11.6,NA,NA,261,NA,NA,48,"7",NA,NA,57
"290","Devon Witherspoon","DB","SEA",80.7,8.77,0.0653,75.1,87.2,-11.6,-11.7,-14.1,262,244,282,38,"4",NA,NA,41
"291","Quentin Lake","DB","LAR",80.7,7.14,0.177,76.1,85.9,-11.7,-10.8,-15.4,263,236,302,39,"4",NA,5.57,52
"292","Christian Barmore","DL","NE",32.9,1.34,0.122,32,33.9,-11.8,-9.98,-13.9,264,230,276,49,"7",NA,NA,38
"293","Kyle Dugger","DB","NE",80.5,3.82,0.112,78.1,83.3,-11.9,-8.82,-18,265,220,333,40,"4",NA,7.68,15
"294","Lions","DST","DET",83.5,11.8,0.0141,65.2,94.2,-12,-21.2,-12.4,270,359,258,15,"10",150,1.16,52
"295","Jonathon Cooper","DL","DEN",32.8,4.95,0.0144,29.1,35.9,-12,-12.9,-11.9,266,255,253,50,"7",NA,NA,42
"296","Jonathon Cooper","DL","DEN",32.8,4.95,0.0144,29.1,35.9,-12,-12.9,-11.9,266,255,253,50,"7",NA,NA,74
"297","George Karlaftis","DL","KC",32.7,8.77,0.0433,27.1,39.2,-12,-14.9,-8.6,267,281,218,51,"7",NA,4.49,79
"298","Joseph Ossai","DL","CIN",32.7,NA,0.485,NA,NA,-12,NA,NA,269,NA,NA,52,"7",NA,NA,61
"299","Xavier Woods","DB","TEN",80.4,2.12,1.45,79,81.9,-12,-7.84,-19.4,268,208,352,41,"4",NA,NA,24
"300","Giants","DST","NYG",83.4,15.7,0.109,66.3,102,-12.1,-20.1,-4.51,271,346,174,16,"10",166,0.1,99
"301","Chargers","DST","LAC",83.3,9.59,1.86,73,95.3,-12.2,-13.4,-11.4,272,261,247,17,"11",162,0.55,45
"302","Malcolm Koonce","DL","LVR",32.2,6.43,0.0676,28.1,36.9,-12.5,-13.9,-10.8,274,271,238,53,"7",NA,2.28,84
"303","Patrick Queen","LB","PIT",77.5,0.778,0.263,77,78.1,-12.5,-10.9,-14.7,273,242,289,29,"4",NA,14.7,25
"304","Tyjae Spears","RB","TEN",103,13.7,2.73,86,120,-12.6,-2.42,-24.3,277,149,401,42,"10",134,6.22,18
"305","Quinnen Williams","DL","NYJ",32.1,2.83,0.0473,30.1,34,-12.6,-11.9,-13.8,275,247,272,54,"7",NA,NA,25
"306","Azeez Ojulari","DL","PHI",32.1,NA,0.1,NA,NA,-12.6,NA,NA,276,NA,NA,55,"7",NA,NA,76
"307","Derick Hall","DL","SEA",32.1,NA,0,NA,NA,-12.6,NA,NA,276,NA,NA,55,"7",NA,NA,99
"308","Poona Ford","DL","LAR",32,NA,0.139,NA,NA,-12.7,NA,NA,278,NA,NA,56,"8",NA,NA,NA
"309","Edgerrin Cooper","LB","GB",77.2,13.4,3.09,67.4,85.8,-12.8,-20.5,-6.96,279,349,201,30,"5",NA,NA,73
"310","Zaven Collins","DL","ARI",31.9,0.212,0.223,31.7,32,-12.9,-10.3,-15.8,280,232,307,57,"8",NA,NA,22
"311","Stefon Diggs","WR","NE",118,12.7,0.423,106,141,-13,-1.74,-17.5,281,142,323,43,"6",103,12.1,32
"312","Jonathan Allen","DL","MIN",31.6,3.61,0.217,29,33.9,-13.1,-13,-13.8,282,259,273,58,"8",NA,NA,53
"313","Derek Barnett","DL","HOU",31.4,4.24,0.503,28.3,34.1,-13.3,-13.7,-13.6,283,266,270,59,"8",NA,NA,54
"314","Ricky Pearsall","WR","SF",118,17,1.26,98,148,-13.4,-9.73,-9.65,284,227,228,44,"6",113,5.48,66
"315","Alontae Taylor","DB","NO",78.9,1.63,0.65,77.7,80,-13.4,-9.13,-21.3,285,223,376,42,"4",NA,2.57,67
"316","B.J. Hill","DL","CIN",30.9,4.45,0.0402,28.1,34.2,-13.8,-13.9,-13.6,286,272,268,60,"8",NA,NA,83
"317","Dalton Schultz","TE","HOU",75.8,9.68,0.161,62.3,88.3,-13.9,-17.8,-16.9,288,314,318,23,"6",194,3.2,54
"318","Juwan Johnson","TE","NO",75.6,8.63,0.774,63.7,85.9,-14,-16.3,-19.3,290,295,350,24,"6",199,1.82,57
"319","Colts","DST","IND",81.5,4.8,0.815,74.2,86.5,-14,-12.2,-20.2,289,251,360,18,"12",163,0.4,19
"320","Jaden Hicks","DB","KC",78.3,23.3,0.0972,63.3,95.4,-14.1,-23.5,-5.88,291,386,190,43,"4",NA,5.78,83
"321","Tyler Nubin","DB","NYG",78.2,7.92,0.137,73.1,84,-14.2,-13.8,-17.3,294,268,319,44,"4",NA,NA,37
"322","Cairo Santos","K","CHI",132,6.11,0.704,124,142,-14.3,-13.7,-16.2,298,267,309,23,"3",142,0.75,29
"323","Cam Taylor-Britt","DB","CIN",78.1,1.91,0.259,76.8,79.5,-14.3,-10,-21.9,297,231,379,45,"4",NA,NA,74
"324","Derek Stingley Jr.","DB","HOU",77.8,16.5,0.292,67.2,89.9,-14.6,-19.6,-11.4,300,340,248,46,"4",NA,3.19,87
"325","Rashid Shaheed","WR","NO",116,7.14,0.548,104,123,-14.7,-3.94,-35.1,303,166,488,45,"6",150,4.05,1
"326","Pat Freiermuth","TE","PIT",74.8,13.3,0.246,52.2,88.5,-14.8,-27.9,-16.7,305,426,315,25,"6",158,1.91,74
"327","Bears","DST","CHI",80.7,9.49,0.309,67.9,91.3,-14.8,-18.5,-15.4,306,327,301,19,"12",168,0.55,42
"328","Nick Scott","DB","CAR",77.5,NA,0.527,NA,NA,-14.9,NA,NA,307,NA,NA,47,"4",NA,NA,NA
"329","Mike Gesicki","TE","CIN",74.6,4.21,0.204,69.3,80.2,-15,-10.8,-25,308,235,409,26,"6",169,5.7,34
"330","Blake Grupe","K","NO",132,8.69,1.07,121,147,-15.1,-16.5,-10.4,309,297,235,24,"3",170,0,55
"331","Browns","DST","CLE",80.4,9.9,0.28,66.3,90.9,-15.1,-20.1,-15.7,311,345,306,20,"12",186,0,84
"332","Darnell Mooney","WR","ATL",116,10.3,0.293,105,132,-15.2,-2.67,-26.1,313,150,421,46,"6",135,3.22,14
"333","Brenton Strange","TE","JAC",74.4,10.6,2.37,61.1,89,-15.2,-19,-16.2,312,334,310,27,"7",176,4.45,71
"334","Jordan Mason","RB","MIN",100,15.3,4.23,71.1,115,-15.4,-17.4,-29,316,312,451,43,"10",113,9.52,54
"335","Bengals","DST","CIN",80.1,6.32,1.17,72.2,88.9,-15.4,-14.2,-17.7,318,276,325,21,"13",184,0,32
"336","Harrison Smith","DB","MIN",77,1.48,0.68,76,78.1,-15.4,-10.9,-23.2,317,237,395,48,"4",NA,4.78,39
"337","Cooper Kupp","WR","SEA",116,20,0.0989,95.7,152,-15.5,-12.1,-5.85,321,249,188,47,"6",93.7,14.4,76
"338","Keon Coleman","WR","BUF",116,15.9,1.43,95.5,137,-15.6,-12.3,-20.7,322,252,366,48,"6",123,3.03,55
"339","Jack Campbell","LB","DET",74.2,1.77,0.663,73,75.5,-15.9,-14.9,-17.3,325,282,320,31,"5",NA,NA,15
"340","Chad Ryland","K","ARI",131,11.6,0.403,116,150,-16.1,-22.1,-8.01,331,371,211,25,"3",171,0,97
"341","Deommodore Lenoir","DB","SF",76.3,0.141,0.231,76.2,76.4,-16.1,-10.7,-24.9,330,233,407,49,"4",NA,NA,50
"342","Malaki Starks","DB","BAL",76.1,19.9,0.57,63.3,90.7,-16.3,-23.6,-10.6,334,387,237,50,"4",NA,NA,89
"343","Spencer Shrader","K","IND",130,10.8,7.26,116,145,-16.5,-21.6,-12.5,337,361,260,26,"4",180,0,71
"344","Christian Rozeboom","LB","CAR",73.5,14.5,0.0843,64.2,84.1,-16.5,-23.7,-8.62,336,389,219,32,"5",NA,5.88,92
"345","Jets","DST","NYJ",78.9,9.59,0.295,67.3,91.1,-16.6,-19.1,-15.6,338,336,303,22,"13",172,0.3,74
"346","Demario Davis","LB","NO",73.4,11.3,0.0949,66.2,81.7,-16.6,-21.8,-11,339,364,241,33,"5",NA,7.73,68
"347","Jaylon Carlies","LB","IND",73.3,3.54,1.39,71.1,75.9,-16.7,-16.9,-16.8,343,302,317,34,"5",NA,5.88,71
"348","Jaylon Carlies","LB","IND",73.3,3.54,1.39,71.1,75.9,-16.7,-16.9,-16.8,343,302,317,34,"5",NA,5.88,37
"349","Cardinals","DST","ARI",78.6,13.5,0.3,61.1,93.4,-16.9,-25.3,-13.2,344,412,263,23,"13",181,0.55,90
"350","Will Harris","DB","WAS",75.5,32.8,0.0912,54.5,99.6,-16.9,-32.4,-1.71,345,458,152,51,"4",NA,4.39,98
"351","Josh Jobe","DB","SEA",75.4,NA,0.126,NA,NA,-17,NA,NA,347,NA,NA,52,"4",NA,NA,NA
"352","Khalil Shakir","WR","BUF",114,11.1,4.77,100,131,-17.1,-7.36,-26.6,351,204,428,49,"6",113,6.71,15
"353","Geno Stone","DB","CIN",75.3,1.41,0.148,74.2,76.2,-17.1,-12.6,-25.1,353,254,410,53,"4",NA,NA,59
"354","Falcons","DST","ATL",78.3,8.14,0.12,68.3,91.5,-17.2,-18.1,-15.2,354,323,296,24,"13",170,0,23
"355","Buccaneers","DST","TB",78.2,8.29,0.335,64.8,88,-17.3,-21.6,-18.7,357,360,343,25,"14",174,0.6,13
"356","Jalen Pitre","DB","HOU",75.1,12,0.869,66.3,82.8,-17.3,-20.6,-18.5,356,350,341,54,"4",NA,NA,54
"357","Tyler Higbee","TE","LAR",72,16.7,0.404,43.2,91.3,-17.6,-36.8,-13.9,359,493,277,28,"7",197,2.11,86
"358","Raiders","DST","LVR",77.9,10.7,3,63.2,90.1,-17.6,-23.2,-16.6,360,382,312,26,"15",170,0,55
"359","Chigoziem Okonkwo","TE","TEN",71.6,12.2,2.28,60.7,91.2,-18,-19.4,-14,364,339,279,29,"7",183,1.71,77
"360","Blake Cashman","LB","MIN",71.9,1.41,0.872,71,73,-18.1,-16.9,-19.8,365,306,356,35,"5",NA,12.3,12
"361","Amani Hooker","DB","TEN",74.3,24.8,0.106,58.4,92.5,-18.1,-28.5,-8.82,366,430,221,55,"4",NA,3.14,85
"362","Kamren Curl","DB","LAR",74.2,7.71,0.246,68.5,79.1,-18.2,-18.4,-22.2,367,326,382,56,"4",NA,NA,91
"363","Christian Gonzalez","DB","NE",73.9,7.78,0.168,68.2,78.9,-18.5,-18.7,-22.4,371,328,386,57,"5",NA,NA,69
"364","Jordan Love","QB","GB",254,16.2,1.35,231,276,-18.6,-16.8,-18.4,372,298,340,16,"6",111,7.61,43
"365","Marlon Humphrey","DB","BAL",73.7,0.707,0.337,73.2,74.2,-18.6,-13.7,-27.1,373,263,433,58,"5",NA,6.12,26
"366","Tyrice Knight","LB","SEA",71.1,2.97,1.84,68.9,73,-19,-19.1,-19.8,380,335,357,36,"5",NA,NA,58
"367","Ugo Amadi","DB","NO",73.4,NA,0.0841,NA,NA,-19,NA,NA,382,NA,NA,59,"5",NA,3.98,NA
"368","Zyon McCollum","DB","TB",73.3,3.54,0.342,71.1,75.9,-19.1,-15.8,-25.4,384,286,413,60,"5",NA,NA,56
"369","Cam Skattebo","RB","NYG",95.9,45.5,5.09,11.7,142,-19.6,-76.7,-2.59,392,665,158,44,"10",98.4,10.3,97
"370","C.J. Stroud","QB","HOU",253,14.3,0.805,230,273,-20,-17.7,-20.9,396,313,371,17,"6",107,7.79,40
"371","Theo Johnson","TE","NYG",69.3,9.59,1.78,57,82.4,-20.3,-23,-22.8,400,381,388,30,"7",188,0,66
"372","Saints","DST","NO",74.9,13.6,0.266,55.5,87.2,-20.6,-30.9,-19.4,407,449,353,27,"15",176,0,68
"373","J.J. McCarthy","QB","MIN",252,12.7,0.114,235,263,-20.8,-13.7,-30.7,409,264,460,18,"6",123,7.3,49
"374","Carson Schwesinger","LB","CLE",69.2,8.84,1.22,62.7,74.9,-20.8,-25.2,-17.9,410,411,329,37,"6",NA,NA,78
"375","Trevor Lawrence","QB","JAC",252,14.7,1.34,228,267,-20.9,-20.3,-27.6,411,348,438,19,"6",134,7.63,29
"376","Dolphins","DST","MIA",74.6,11,2.05,61.9,91.4,-20.9,-24.5,-15.2,412,403,298,28,"16",170,0,71
"377","Michael Pittman","WR","IND",109,9.43,0.212,98.6,126,-21.8,-9.14,-32.3,426,224,471,50,"6",111,9.99,4
"378","Josh Downs","WR","IND",109,16.9,0.195,92.8,139,-22,-15,-19.2,429,283,349,51,"6",130,3.17,48
"379","Quay Walker","LB","GB",68,4.6,0.821,64.6,70.9,-22,-23.3,-21.8,428,383,378,38,"6",NA,NA,14
"380","Mason Taylor","TE","NYJ",67.6,12.2,4.66,56.2,88.6,-22.1,-23.9,-16.6,430,395,311,31,"8",165,4.09,69
"381","Drake Maye","QB","NE",251,14.1,8.92,230,268,-22.2,-18.3,-26.2,434,324,423,20,"6",132,8.28,31
"382","Brandon Aiyuk","WR","SF",109,32.8,0.52,71,162,-22.2,-36.8,4.22,433,491,101,52,"6",125,7,97
"383","Quentin Johnston","WR","LAC",108,18.9,0.183,85.6,130,-22.8,-22.2,-27.8,445,372,440,53,"6",154,3.61,77
"384","Jerome Baker","LB","CLE",67.2,6.36,0.112,63.1,71.8,-22.8,-24.9,-20.9,446,407,370,39,"6",NA,5.76,86
"385","Keenan Allen","WR","FA",108,6.29,0.193,104,113,-22.9,-3.58,-45.2,448,161,540,54,"6",165,3.65,93
"386","Titans","DST","TEN",72.5,13.8,0.409,56.4,87.8,-23,-30,-18.9,450,443,347,29,"16",170,0,48
"387","Micah McFadden","LB","NYG",67.1,4.67,0.509,64.1,70.5,-23,-23.9,-22.3,449,396,384,40,"6",NA,8.69,54
"388","Amari Cooper","WR","FA",108,NA,0.709,NA,NA,-23.1,NA,NA,453,NA,NA,55,"6",126,3.98,99
"389","Jaguars","DST","JAC",72.1,12.9,3.25,51.3,87.9,-23.4,-35.1,-18.8,455,479,345,30,"17",170,0,58
"390","Frankie Luvu","LB","WAS",66.5,3.89,0.68,64.1,69.4,-23.5,-23.9,-23.4,456,397,396,41,"6",NA,7.78,17
"391","Marvin Mims","WR","DEN",107,21.3,0.368,76.8,141,-23.8,-31,-16.6,463,451,313,56,"6",147,2.64,80
"392","Graham Gano","K","NYG",123,14.8,1.65,102,144,-23.8,-35.4,-14.2,460,480,283,27,"4",180,0,87
"393","Nakobe Dean","LB","PHI",65.9,22.7,0.222,51.3,82.5,-24.1,-36.6,-10.2,470,488,234,42,"6",NA,5.54,95
"394","Rashod Bateman","WR","BAL",107,19.9,10.2,82.2,135,-24.2,-25.6,-22.7,471,414,387,57,"7",154,4.74,70
"395","Elandon Roberts","LB","LVR",65.6,6.65,0.28,60.8,69.9,-24.4,-27.2,-22.9,476,421,391,43,"6",NA,6.67,88
"396","Payton Wilson","LB","PIT",65.4,7.99,0.484,59.5,70.5,-24.6,-28.5,-22.3,480,429,385,44,"6",NA,NA,51
"397","Jerome Ford","RB","CLE",90.8,21.1,2.15,72.2,129,-24.7,-16.2,-15.1,483,294,295,45,"10",139,8.22,77
"398","Pete Werner","LB","NO",64.9,8.98,0.782,59.1,71.5,-25.1,-28.8,-21.3,488,433,375,45,"6",NA,4.85,80
"399","Joey Slye","K","TEN",121,5.04,0.525,114,130,-25.4,-23.5,-28.3,492,385,445,28,"4",170,0,10
"400","Jeremiah Owusu-Koramoah","LB","CLE",64.1,NA,0.102,NA,NA,-25.9,NA,NA,503,NA,NA,46,"6",NA,NA,98
"401","Nick Folk","K","NYJ",121,4.37,1.56,115,125,-26,-22.6,-32.8,505,374,473,29,"4",NA,NA,58
"402","Henry To'oTo'o","LB","HOU",64,7.64,2.99,58.4,68.9,-26,-29.6,-23.9,507,440,399,47,"7",NA,5.14,69
"403","Panthers","DST","CAR",68.9,13.7,1.22,57,91.3,-26.6,-29.4,-15.3,513,438,299,31,"18",169,0.2,39
"404","Robbie Ouzts","TE","SEA",62.9,NA,0.478,NA,NA,-26.7,NA,NA,518,NA,NA,32,"8",NA,NA,99
"405","Tyler Allgeier","RB","ATL",88.6,6.22,0.273,82.3,97.5,-26.8,-6.1,-46.7,523,187,544,46,"10",159,9.05,3
"406","Ray Davis","RB","BUF",88.4,15.6,4.05,66.8,108,-27.1,-21.6,-35.9,528,362,497,47,"11",146,2.72,42
"407","Elijah Arroyo","TE","SEA",62.4,22.6,1.91,28.5,89.2,-27.2,-51.6,-16,530,543,308,33,"8",171,3.78,94
"408","Dustin Hopkins","K","CLE",119,14.5,0.253,97.8,138,-27.5,-39.8,-20.3,533,509,362,30,"4",170,0,81
"409","Andres Borregales","K","NE",119,16.2,0.43,91.7,138,-27.8,-45.9,-20.3,538,525,361,31,"4",170,0,99
"410","Patriots","DST","NE",67.7,10.5,0,56,83,-27.8,-30.4,-23.7,539,445,397,32,"18",179,0.8,87
"411","Matthew Wright","K","CAR",118,9.06,36.3,109,133,-28.2,-28.4,-24.6,545,428,403,32,"5",NA,NA,45
"412","Christian Elliss","LB","NE",61,22.9,1.47,46.3,77.8,-29,-41.6,-14.9,557,513,292,48,"7",NA,6.98,97
"413","Taysom Hill","TE","NO",60.5,20,2.84,34.1,78.9,-29.1,-46,-26.3,562,527,424,34,"8",150,2.21,97
"414","Jack Sanborn","LB","DAL",59.5,8.34,0.276,53.4,64.9,-30.5,-34.5,-27.9,581,475,441,49,"7",NA,15.1,83
"415","Nick Martin","LB","SF",59.3,1.13,0.0303,58.4,60,-30.7,-29.5,-32.8,587,439,472,50,"7",NA,NA,56
"416","Dre Greenlaw","LB","DEN",59.2,40.9,0.0221,29.2,85.4,-30.8,-58.8,-7.37,588,570,205,51,"7",NA,18.5,99
"417","Kenneth Murray","LB","DAL",59.2,9.48,0.207,53.1,66.2,-30.8,-34.8,-26.6,590,477,427,52,"7",NA,11.1,64
"418","Otis Reese","LB","TEN",59,NA,0.24,NA,NA,-31,NA,NA,593,NA,NA,53,"7",NA,5.5,NA
"419","Matthew Stafford","QB","LAR",242,24.6,0.749,217,281,-31.2,-31.4,-13.6,597,454,269,21,"6",149,6.21,69
"420","Rico Dowdle","RB","CAR",84.3,16.7,1.26,64.5,115,-31.2,-23.9,-29.5,596,400,454,48,"11",157,3.52,58
"421","Demetrius Knight","LB","CIN",58.8,2.69,0.106,57,60.7,-31.2,-30.9,-32,599,448,469,54,"7",NA,NA,75
"422","Trevin Wallace","LB","CAR",58.7,9.69,0.753,51.5,64.9,-31.4,-36.4,-27.9,601,483,442,55,"7",NA,NA,76
"423","Bryce Young","QB","CAR",241,23.1,0.503,214,274,-31.9,-34.4,-20.4,604,473,364,22,"6",145,3.77,57
"424","Noah Gray","TE","KC",57.7,11.8,2.79,39.5,71,-32,-40.5,-34.2,605,510,486,35,"9",194,2.5,63
"425","Akeem Davis-Gaither","LB","ARI",57.9,10.5,0.484,51.2,65.6,-32.1,-36.8,-27.1,606,492,434,56,"7",NA,6.38,66
"426","Tua Tagovailoa","QB","MIA",241,25.9,0.521,209,269,-32.4,-38.8,-25.6,609,502,414,23,"7",138,6.53,60
"427","Nick Chubb","RB","HOU",83.1,21.2,0.0678,61.8,119,-32.4,-26.7,-25.7,610,418,415,49,"11",142,7.49,90
"428","Isaac Guerendo","RB","SF",83,15.5,2.62,67.7,107,-32.5,-20.8,-37.5,611,354,509,50,"11",144,4.25,48
"429","Omar Speights","LB","LAR",57.4,0.636,0.196,57,57.9,-32.6,-30.9,-34.9,613,450,487,57,"7",NA,6.19,81
"430","Divine Deablo","LB","ATL",57.2,4.24,1.92,54.1,59.9,-32.8,-33.8,-32.8,616,468,475,58,"8",NA,9.19,90
"431","Geno Smith","QB","LVR",240,17.9,6.29,216,258,-32.9,-32.4,-36.4,621,459,502,24,"7",149,4.41,37
"432","Adam Thielen","WR","CAR",96.7,14.8,1.88,79,118,-34.4,-28.8,-40.5,635,431,523,58,"7",163,2.04,63
"433","Ja'Tavion Sanders","TE","CAR",54.9,7.31,0.65,46.1,64.4,-34.7,-34,-40.8,639,470,525,36,"9",178,2.33,31
"434","Drue Tranquill","LB","KC",55.3,1.98,1.51,54,56.8,-34.7,-33.9,-36,637,469,498,59,"8",NA,3.58,8
"435","Trey Benson","RB","ARI",80.4,14.1,4.14,58.3,96.5,-35.1,-30.2,-47.7,642,444,548,51,"11",143,2.67,38
"436","Junior Colson","LB","LAC",53.8,1.2,0.863,53,54.7,-36.2,-34.9,-38.1,654,478,510,60,"8",NA,NA,63
"437","Emeka Egbuka","WR","TB",94.8,19.6,2.03,74,132,-36.3,-33.7,-25.9,656,465,420,59,"7",124,15.5,85
"438","Alec Pierce","WR","IND",92.8,29.7,0.795,49.8,127,-38.3,-58,-30.9,668,567,461,60,"7",178,3.38,92
"439","Mike Williams","WR","FA",92,NA,0.935,NA,NA,-39.1,NA,NA,676,NA,NA,61,"7",NA,NA,NA
"440","Michael Penix Jr.","QB","ATL",234,12,3.03,223,256,-39.2,-24.8,-38.5,679,405,512,25,"7",148,5.89,23
"441","Kareem Hunt","RB","KC",76.2,26.4,2.38,51.5,126,-39.2,-36.9,-18.1,680,494,335,52,"11",149,2.89,92
"442","Tre Harris","WR","LAC",91.1,23.4,0.683,56.9,122,-40.1,-50.9,-35.8,687,539,495,62,"7",149,8.87,90
"443","Romeo Doubs","WR","GB",90.4,15.1,1.54,71.2,108,-40.8,-36.6,-49.8,695,486,556,63,"8",167,3.07,41
"444","Roschon Johnson","RB","CHI",73.9,15.9,0.454,54.4,100,-41.6,-34,-44.1,705,471,537,53,"11",164,5.42,44
"445","Zamir White","RB","LVR",73.4,NA,1.29,NA,NA,-42.1,NA,NA,710,NA,NA,54,"11",240,1.39,76
"446","Aaron Rodgers","QB","PIT",231,25.3,1.81,209,276,-42.3,-39.3,-18,713,503,334,26,"7",151,5.56,71
"447","Christian Kirk","WR","HOU",88.8,16.5,0.475,70.6,110,-42.3,-37.2,-47.6,714,495,547,64,"8",161,4.57,58
"448","Jayden Higgins","WR","HOU",88.4,37.9,0.876,22.4,127,-42.8,-85.4,-31.3,716,714,463,65,"8",137,12.6,99
"449","Jaydon Blue","RB","DAL",72.1,36.7,2.28,14.3,109,-43.4,-74.1,-35.5,718,652,492,55,"11",141,5.86,96
"450","Marquise Brown","WR","KC",87.5,24.4,0.166,42.9,113,-43.7,-64.8,-45.3,719,604,541,66,"8",152,4.65,87
"451","Cedric Tillman","WR","CLE",87.3,11.4,0.0825,71.3,102,-43.8,-36.5,-56,723,484,576,67,"8",169,2.18,24
"452","Xavier Legette","WR","CAR",87.2,14.5,2.24,66.9,107,-43.9,-40.8,-51.4,724,511,560,68,"8",161,1.18,54
"453","Sam Darnold","QB","SEA",229,13.3,8.93,212,247,-44.1,-35.9,-47.5,725,481,546,27,"8",156,4.72,20
"454","Braelon Allen","RB","NYJ",69.8,14.6,1.52,49,83.8,-45.7,-39.4,-60.4,733,505,591,56,"12",165,3.39,30
"455","Michael Wilson","WR","ARI",85,12.5,2.1,69.5,100,-46.1,-38.3,-57.9,735,499,582,69,"8",185,0.684,42
"456","Justice Hill","RB","BAL",68.3,10.6,0.205,55.6,86.7,-47.2,-32.9,-57.5,744,464,578,57,"12",182,2.55,62
"457","Zack Moss","RB","FA",68.1,NA,0.812,NA,NA,-47.4,NA,NA,746,NA,NA,58,"12",156,1.37,86
"458","Bhayshul Tuten","RB","JAC",67.3,34.3,2.76,11.1,107,-48.2,-77.3,-36.9,752,671,506,59,"12",148,6.14,99
"459","Demario Douglas","WR","NE",82.9,13,2.11,63,99.8,-48.2,-44.8,-58.2,753,522,583,70,"8",176,4.26,61
"460","Wan'Dale Robinson","WR","NYG",80.8,14,0.312,58.8,94.1,-50.4,-48.9,-63.9,767,537,598,71,"8",172,4.52,75
"461","Darius Slayton","WR","NYG",80.5,15.9,3.67,64.1,109,-50.7,-43.7,-49.2,768,519,554,72,"8",197,2.06,68
"462","MarShawn Lloyd","RB","GB",64.5,21.5,0.473,43.1,101,-51,-45.4,-42.8,771,523,533,60,"12",168,1.53,70
"463","Dylan Sampson","RB","CLE",64.1,28.2,0.952,15.9,96.4,-51.4,-72.5,-47.8,774,643,549,61,"12",156,3.87,93
"464","Jaylen Wright","RB","MIA",63.1,15,3.28,36.7,75.6,-52.4,-51.8,-68.6,777,545,610,62,"12",168,2.17,45
"465","Cam Ward","QB","TEN",220,17.5,26,202,243,-53,-46,-50.7,781,526,559,28,"9",155,27.9,26
"466","Miles Sanders","RB","DAL",59.8,9.33,0.0255,49.7,71.8,-55.7,-38.8,-72.5,802,501,629,63,"12",185,2.04,52
"467","Gus Edwards","RB","FA",59.8,NA,0.683,NA,NA,-55.7,NA,NA,803,NA,NA,64,"12",NA,NA,99
"468","Kendre Miller","RB","NO",59.1,28,0.193,25.5,108,-56.4,-63,-36.4,807,592,501,65,"12",173,3.88,89
"469","Ty Johnson","RB","BUF",58.9,17.7,4.78,41,83.7,-56.6,-47.5,-60.5,811,529,592,66,"12",164,0.936,69
"470","Audric Estime","RB","DEN",54.1,10.6,0.147,45.3,65.5,-61.3,-43.1,-78.8,844,518,646,67,"12",NA,0.456,73
"471","Raheem Mostert","RB","LVR",54,21.2,4.52,29.3,91.7,-61.5,-59.2,-52.6,846,573,566,68,"13",188,1.55,80
"472","Cam Akers","RB","NO",49.5,0.53,1.43,49.1,49.8,-66,-39.3,-94.4,884,504,704,69,"13",NA,2.98,31
"473","Devin Singletary","RB","NYG",48,25.5,1.19,6.99,77.5,-67.4,-81.5,-66.7,896,698,606,70,"13",201,1.3,82
"474","Sean Tucker","RB","TB",46.9,12.7,0.202,33.4,63.6,-68.6,-55,-80.7,914,551,657,71,"13",179,3.64,55
"475","Blake Corum","RB","LAR",46.7,10,0.914,32.4,60.1,-68.8,-56,-84.1,915,555,663,72,"13",190,0.917,37
"476","Anthony Richardson","QB","IND",194,60.6,15.1,102,263,-79,-146,-31.2,1010,775,462,29,"10",136,5.05,91
"477","Russell Wilson","QB","NYG",179,47.7,37.3,110,235,-94.1,-139,-59.2,1130,774,586,30,"11",150,3.73,86
"478","Tyler Shough","QB","NO",142,41.1,50.8,74,193,-131,-174,-101,1240,776,718,31,"12",158,5.27,77
"479","Daniel Jones","QB","IND",90.9,44.5,0.145,35.4,155,-182,-213,-139,1250,778,772,32,"12",176,7.14,83
"480","Kirk Cousins","QB","ATL",90.7,98.9,4.28,0.39,209,-182,-248,-85.4,1250,817,672,33,"12",180,1.63,97
"481","Deshaun Watson","QB","CLE",86.4,79.7,2.96,31.9,141,-187,-216,-153,1250,779,779,34,"12",NA,0.816,99
"482","Joe Flacco","QB","CLE",83.5,26.7,9.57,39.3,115,-189,-209,-180,1250,777,783,35,"13",180,3.67,80
"483","Kenny Pickett","QB","CLE",73.9,72.9,3.03,6.93,185,-199,-241,-109,1250,803,728,36,"13",194,2.62,94
