player,player_id,position,player_game_count,team_name,attempts,receptions,total_attempts,yco_attempt,rush_tackles_avoided,rec_tackles_avoided,elusive
LeSean McCoy,4976,HB,16,PHI,314,52,366,2.38,47,17,41.7
Matt Forte,4358,HB,16,CHI,289,74,363,2.37,32,18,32.6
Marshawn Lynch,3628,HB,16,SEA,301,36,337,2.50,50,11,45.2
Jamaal Charles,4387,HB,15,KC,260,70,330,2.22,33,20,35.7
Chris Johnson,4338,HB,16,TEN,279,42,321,1.84,13,6,10.9
Eddie Lacy,7842,HB,15,GB,284,35,319,2.28,36,5,29.3
Ryan Mathews,5537,HB,16,SD,284,26,310,2.26,17,5,16.0
Adrian Peterson,3623,HB,14,MIN,279,29,308,2.97,43,9,50.2
Knowshon Moreno,4935,HB,16,DEN,241,60,301,2.03,12,13,16.9
Frank Gore,2282,HB,16,SF,276,16,292,2.00,16,2,12.3
Le'Veon Bell,7829,HB,13,PIT,244,46,290,2.11,25,10,25.5
Alfred Morris,7165,HB,16,WAS,276,9,285,2.71,27,4,29.5
Reggie Bush,2947,HB,14,DET,223,54,277,2.10,33,9,31.8
Maurice Jones-Drew,3005,HB,15,JAX,234,43,277,2.21,16,12,22.3
Zac Stacy,7942,HB,14,STR,250,26,276,2.45,22,1,20.4
Ray Rice,4369,HB,15,BLT,214,58,272,1.52,5,4,5.0
DeMarco Murray,6223,HB,14,DAL,217,53,270,2.71,26,16,42.2
Fred Jackson,3368,HB,16,BUF,206,47,253,2.56,23,9,32.4
C.J. Spiller,5534,HB,15,BUF,202,33,235,2.26,27,7,32.7
Rashard Mendenhall,4337,HB,15,ARZ,217,18,235,1.81,19,5,18.4
DeAngelo Williams,2972,HB,15,CAR,201,26,227,2.32,19,4,23.5
Giovani Bernard,7818,HB,16,CIN,170,56,226,2.26,18,19,37.0
BenJarvus Green-Ellis,4599,HB,16,CIN,220,4,224,1.99,13,0,11.6
Pierre Thomas,4080,HB,16,NO,147,77,224,2.20,12,21,32.4
Joique Bell,5797,HB,16,DET,166,53,219,2.38,28,15,46.7
Ben Tate,5583,HB,14,HST,181,34,215,2.38,32,2,37.7
Bilal Powell,6278,HB,16,NYJ,176,36,212,2.18,17,7,24.6
Lamar Miller,7097,HB,16,MIA,177,26,203,2.06,11,3,14.2
Rashad Jennings,5174,HB,15,OAK,163,36,199,2.80,11,8,26.7
Steven Jackson,1745,HB,12,ATL,157,33,190,2.03,15,11,27.8
Stevan Ridley,6225,HB,14,NE,178,10,188,2.18,16,2,20.9
Trent Richardson,7009,HB,14,IND,157,28,185,1.90,19,16,36.0
Chris Ivory,6007,HB,15,NYJ,182,2,184,3.01,28,1,47.5
Danny Woodhead,4914,HB,16,SD,106,76,182,1.86,8,17,25.5
Bernard Pierce,7085,HB,16,BLT,152,20,172,1.75,9,5,14.2
Andre Brown,5053,HB,8,NYG,139,20,159,2.05,6,2,10.3
Andre Ellington,7968,HB,15,ARZ,118,39,157,3.15,15,11,52.2
LeGarrette Blount,5863,HB,16,NE,153,2,155,2.73,15,1,28.1
Bobby Rainey Jr.,7511,HB,8,TB,137,11,148,2.88,13,0,25.3
Jacquizz Rodgers,6297,HB,15,ATL,96,52,148,2.01,13,15,38.0
Willis McGahee,1339,HB,12,CLV,138,8,146,1.76,9,0,10.9
Arian Foster,5398,HB,8,HST,121,22,143,2.06,5,6,15.8
Montee Ball,7839,HB,16,DEN,120,20,140,2.55,16,5,38.3
Doug Martin,7035,HB,6,TB,127,12,139,2.16,5,2,10.9
Darren McFadden,4318,HB,10,OAK,114,17,131,1.94,7,2,13.3
Donald Brown,4950,HB,16,IND,102,27,129,3.28,15,6,53.5
Mike Tolbert,4740,FB,16,CAR,101,27,128,2.02,9,9,28.4
Darren Sproles,2347,HB,15,NO,53,71,124,1.57,4,15,24.0
Daniel Thomas,6214,HB,15,MIA,109,15,124,2.02,16,2,29.3
Antonio Brown,5718,WR,16,PIT,7,111,118,1.00,1,15,13.6
Pierre Garcon,4519,WR,16,WAS,2,113,115,1.50,1,13,18.3
Cam Newton,6153,QB,16,CAR,111,0,111,3.09,12,7,52.9
Andre Johnson,1319,WR,16,HST,0,109,109,,0,8,7.3
Julian Edelman,5156,WR,16,NE,2,105,107,2.00,1,8,16.8
Alshon Jeffery,7048,WR,16,CHI,16,89,105,2.63,2,7,22.5
Brandon Marshall,3064,WR,16,CHI,0,100,100,,0,13,13.0
James Starks,5716,HB,13,GB,89,10,99,3.00,15,3,54.5
A.J. Green,6156,WR,16,CIN,0,98,98,,1,11,12.2
Chris Ogbonnaya,5135,HB,16,CLV,49,48,97,2.18,4,5,20.3
Russell Wilson,7077,QB,16,SEA,96,0,96,1.83,8,7,28.6
Kendall Wright,7026,WR,16,TEN,0,94,94,,0,18,19.1
Dez Bryant,5549,WR,16,DAL,1,93,94,2.00,1,13,29.8
Roy Helu,6257,HB,16,WAS,62,31,93,2.15,9,2,25.4
Demaryius Thomas,5547,WR,16,DEN,0,92,92,,0,11,12.0
Josh Gordon,7618,WR,14,CLV,5,87,92,9.80,1,9,106.5
Shane Vereen,6208,HB,8,NE,44,47,91,2.07,6,8,31.8
Colin Kaepernick,6188,QB,16,SF,90,0,90,2.76,6,7,39.8
Jordan Todman,6335,HB,15,JAX,76,14,90,1.53,3,2,8.5
Eric Decker,5611,WR,16,DEN,0,87,87,,0,7,8.0
Anquan Boldin,1369,WR,16,SF,2,85,87,1.50,1,12,22.4
Jimmy Graham,5619,TE,16,NO,0,86,86,,2,11,15.1
Robert Griffin III,7008,QB,13,WAS,86,0,86,1.62,7,3,18.8
Peyton Hillis,4541,HB,7,NYG,73,13,86,2.12,5,3,19.8
Mark Ingram II,6180,HB,11,NO,78,7,85,2.41,16,5,59.5
Jordy Nelson,4350,WR,16,GB,0,85,85,,0,11,12.9
Robert Turbin,7106,HB,16,SEA,77,8,85,2.16,7,1,20.3
Harry Douglas,4398,WR,16,ATL,0,85,85,,0,15,17.6
DeSean Jackson,4363,WR,16,PHI,3,82,85,0.33,1,9,3.9
Calvin Johnson,3618,WR,14,DET,0,84,84,,0,12,14.3
Larry Fitzgerald,1724,WR,16,ARZ,2,82,84,0.50,2,6,4.8
T.Y. Hilton,7092,WR,16,IND,2,82,84,1.00,0,7,8.3
Tony Gonzalez,237,TE,16,ATL,0,83,83,,0,5,6.0
Terrelle Pryor,6944,QB,11,OAK,83,0,83,1.77,9,3,25.6
Shonn Greene,4988,HB,11,TEN,77,6,83,2.13,4,0,10.3
Bryce Brown,7213,HB,16,PHI,75,8,83,2.92,8,1,31.7
Daryl Richardson,7233,HB,8,STR,69,14,83,1.61,1,4,9.7
Knile Davis,7878,HB,15,KC,70,11,81,1.91,5,1,14.2
Jordan Cameron,6254,TE,15,CLV,0,80,80,,1,5,7.5
Kendall Hunter,6267,HB,16,SF,78,2,80,2.58,8,1,29.0
Vincent Jackson,2278,WR,16,TB,1,78,79,2.00,0,8,20.3
Marcel Reece,4702,FB,16,OAK,46,32,78,3.17,5,6,44.8
Antonio Gates,1609,TE,16,SD,0,77,77,,4,11,19.5
Brian Hartline,5031,WR,16,MIA,0,76,76,,0,6,7.9
Brian Leonard,3668,HB,16,TB,47,29,76,2.09,3,8,30.2
Alex Smith,2218,QB,15,KC,75,1,76,0.96,0,1,1.3
Charles Clay,6326,TE,16,MIA,7,69,76,1.57,2,16,37.2
Mike Wallace,5007,WR,16,MIA,3,73,76,7.33,2,5,67.5
Brandon Bolden,7469,HB,10,NE,55,20,75,1.80,3,1,9.6
Marques Colston,3197,WR,15,NO,0,75,75,,1,4,6.7
Victor Cruz,5827,WR,14,NYG,0,73,73,,0,8,11.0
Greg Olsen,3647,TE,16,CAR,0,73,73,,3,4,9.6
Wes Welker,2204,WR,13,DEN,0,73,73,,1,5,8.2
Jason Witten,1384,TE,16,DAL,0,73,73,,2,6,11.0
Keenan Allen,7857,WR,15,SD,0,72,72,,0,13,18.1
Jason Snelling,3860,HB,14,ATL,44,28,72,2.20,2,14,49.0
Geno Smith,7820,QB,16,NYJ,71,1,72,1.39,3,2,9.7
Mike James,7970,HB,7,TB,60,10,70,3.10,3,2,22.1
Emmanuel Sanders,5606,WR,16,PIT,1,68,69,3.00,0,15,65.2
Greg Jennings,2997,WR,15,MIN,0,68,68,,0,8,11.8
Golden Tate,5585,WR,16,SEA,3,64,67,8.33,3,21,298.5
Ronnie Hillman,7069,HB,9,DEN,55,12,67,1.91,2,2,11.4
Michael Bush,3716,HB,15,CHI,63,4,67,2.14,4,0,12.8
Cecil Shorts,6266,WR,13,JAX,0,66,66,,0,6,9.1
Michael Floyd,7019,WR,16,ARZ,0,65,65,,1,10,16.9
Martellus Bennett,4375,TE,16,CHI,0,65,65,,0,21,32.3
Torrey Smith,6210,WR,16,BLT,0,65,65,,1,4,7.7
Julius Thomas,6281,TE,14,DEN,0,65,65,,3,9,18.5
Steve Smith,837,WR,15,CAR,0,64,64,,0,14,21.9
Rod Streater,7416,WR,16,OAK,2,61,63,4.00,0,1,6.3
Andrew Luck,7007,QB,16,IND,63,0,63,2.52,7,9,64.1
Roddy White,2244,WR,13,ATL,0,63,63,,0,3,4.8
Joseph Randle,7933,HB,7,DAL,54,8,62,2.24,4,1,18.1
Dexter McCluster,5561,WR,15,KC,8,53,61,1.88,1,6,21.5
Andy Dalton,6187,QB,16,CIN,61,0,61,0.93,1,3,6.1
Delanie Walker,3120,TE,15,TEN,0,60,60,,4,7,18.3
Brandon Jacobs,2327,HB,7,NYG,58,2,60,2.03,3,2,17.0
Marvin Jones Jr.,7158,WR,16,CIN,8,51,59,3.13,5,12,90.0
James Jones,3694,WR,14,GB,0,59,59,,1,10,18.6
Nate Washington,2832,WR,16,TEN,0,58,58,,0,4,6.9
Heath Miller,2247,TE,14,PIT,0,58,58,,2,4,10.3
Cordarrelle Patterson,7810,WR,16,MIN,12,45,57,9.92,12,9,365.4
Nick Foles,7089,QB,13,PHI,57,0,57,0.67,0,1,1.2
Jonathan Dwyer,5711,HB,15,PIT,49,8,57,2.08,3,3,21.9
Dwayne Bowe,3639,WR,15,KC,0,57,57,,0,11,19.3
Felix Jones,4336,HB,16,PIT,48,9,57,1.88,4,0,13.2
Dennis Johnson,8070,HB,8,HST,49,8,57,2.14,6,3,33.8
Hakeem Nicks,4952,WR,15,NYG,0,56,56,,1,11,21.4
Danny Amendola,4717,WR,12,NE,1,54,55,1.00,0,3,5.5
Jonathan Stewart,4327,HB,6,CAR,48,7,55,2.56,7,0,32.6
Tim Wright,8392,TE,16,TB,1,54,55,4.00,1,1,14.5
Khiry Robinson,8514,HB,10,NO,54,0,54,2.26,8,0,33.5
Ronnie Brown,2219,HB,15,SD,45,8,53,1.82,1,1,6.9
Benny Cunningham,8283,HB,13,STR,47,6,53,2.00,6,0,22.6
Steve Johnson,4538,WR,12,BUF,1,52,53,4.00,0,6,45.3
Ace Sanders,7883,WR,15,JAX,2,51,53,0.50,1,5,5.7
Scott Chandler,3745,TE,16,BUF,0,53,53,,1,4,9.4
Coby Fleener,7038,TE,16,IND,0,52,52,,3,3,11.5
E.J. Manuel,7797,QB,10,BUF,52,0,52,0.75,0,0,0.0
DeAndre Hopkins,7808,WR,16,HST,0,52,52,,0,1,1.9
Doug Baldwin,6615,WR,16,SEA,2,50,52,0.50,0,2,1.9
Vernon Davis,2951,TE,15,SF,0,52,52,,0,7,13.5
Edwin Baker,7231,HB,3,CLV,43,8,51,2.28,2,0,8.9
Jared Cook,5012,TE,16,STR,0,51,51,,0,7,13.7
Mohamed Sanu,7084,WR,16,CIN,4,47,51,2.25,0,5,22.1
Eddie Royal,4356,WR,15,SD,3,48,51,1.67,0,10,32.7
Brandon LaFell,5602,WR,16,CAR,2,49,51,4.00,2,4,47.1
Marlon Brown,8179,WR,14,BLT,1,49,50,5.00,1,8,90.0
Riley Cooper,5682,WR,16,PHI,1,48,49,0.00,0,4,0.0
Jarrett Boykin,7363,WR,15,GB,0,49,49,,0,12,24.5
Toby Gerhart,5576,HB,14,MIN,36,13,49,3.78,10,2,92.5
Matt Asiata,6432,HB,3,MIN,44,5,49,2.55,1,1,10.4
Tavon Austin,7789,WR,13,STR,9,40,49,2.11,2,4,25.9
Fozzy Whittaker,8547,HB,10,CLV,28,21,49,1.61,1,4,16.4
Garrett Graham,5642,TE,13,HST,0,49,49,,1,2,6.1
Ahmad Bradshaw,3866,HB,3,IND,41,7,48,1.83,2,0,7.6
Jerricho Cotchery,1829,WR,16,PIT,1,47,48,2.00,1,4,20.8
Jerome Simpson,4360,WR,16,MIN,0,48,48,,0,5,10.4
Brandon Myers,5126,TE,16,NYG,0,47,47,,2,3,10.6
Jeremy Kerley,6305,WR,12,NYJ,4,43,47,1.50,0,3,9.6
Terrance Williams,7855,WR,16,DAL,3,44,47,2.67,0,3,17.0
Denarius Moore,6300,WR,13,OAK,0,46,46,,0,4,8.7
David Wilson,7036,HB,5,NYG,44,2,46,2.36,9,1,51.4
Jermaine Gresham,5546,TE,14,CIN,0,46,46,,1,13,30.4
Jordan Reed,7866,TE,9,WAS,1,45,46,1.00,1,3,8.7
Santana Moss,786,WR,16,WAS,3,42,45,2.67,0,2,11.9
Ryan Fitzpatrick,2467,QB,11,TEN,43,1,44,2.91,5,4,59.5
Stepfan Taylor,7922,HB,13,ARZ,36,8,44,1.56,3,2,17.7
Andre Roberts,5612,WR,16,ARZ,0,43,43,,0,3,7.0
Julio Jones,6158,WR,5,ATL,1,41,42,0.00,0,7,0.0
Donnie Avery,4347,WR,16,KC,2,40,42,4.00,0,8,76.2
Robert Woods,7822,WR,14,BUF,2,40,42,1.00,0,2,4.8
Davone Bess,4694,WR,14,CLV,0,42,42,,0,1,2.4
Vincent Brown,6234,WR,16,SD,0,41,41,,0,4,9.8
Greg Little,6211,WR,16,CLV,0,41,41,,1,5,14.6
Rueben Randle,7065,WR,16,NYG,0,41,41,,0,5,12.2
Brandon Pettigrew,4943,TE,14,DET,0,41,41,,8,2,24.4
Rishard Matthews,7211,WR,16,MIA,0,41,41,,0,2,4.9
Nate Burleson,1386,WR,9,DET,2,39,41,0.00,0,5,0.0
Jacoby Jones,3689,WR,12,BLT,2,38,40,1.00,0,3,7.5
Ted Ginn Jr.,3625,WR,16,CAR,4,36,40,1.50,0,5,18.8
Jackie Battle,3885,HB,10,TEN,36,4,40,3.00,4,1,37.5
Ryan Tannehill,7014,QB,16,MIA,39,0,39,1.79,2,2,18.4
Tashard Choice,4436,HB,11,BUF,35,4,39,2.03,3,1,20.8
Michael Vick,773,QB,7,PHI,38,1,39,1.74,2,0,8.9
Reggie Wayne,800,WR,7,IND,1,38,39,0.00,1,6,0.0
Tyler Eifert,7802,TE,15,CIN,0,39,39,,2,10,30.8
Cole Beasley,7330,WR,14,DAL,0,39,39,,0,5,12.8
Rob Gronkowski,5567,TE,7,NE,0,39,39,,2,2,10.3
Rob Housler,6221,TE,13,ARZ,0,39,39,,0,2,5.1
Mychal Rivera,7965,TE,16,OAK,0,38,38,,0,2,5.3
Trent Richardson,7009,HB,2,CLV,31,7,38,2.42,9,2,70.0
Jason Avant,3054,WR,16,PHI,0,38,38,,1,3,10.5
Kris Durham,6259,WR,16,DET,0,38,38,,0,5,13.2
Austin Pettis,6230,WR,16,STR,0,38,38,,0,1,2.6
Matthew Stafford,4924,QB,16,DET,37,0,37,0.92,1,2,7.5
Lance Moore,2718,WR,13,NO,0,37,37,,0,1,2.7
Chris Givens,7096,WR,16,STR,3,34,37,1.00,1,6,18.9
Aaron Dobson,7840,WR,12,NE,0,37,37,,0,3,8.1
Lance Dunbar,7332,HB,8,DAL,30,7,37,3.77,5,1,61.1
David Nelson,5862,WR,12,NYJ,0,36,36,,0,2,5.6
Zach Ertz,7816,TE,16,PHI,0,36,36,,0,2,5.6
Randall Cobb,6216,WR,6,GB,4,31,35,2.75,4,5,70.7
Drew Brees,802,QB,16,NO,35,0,35,0.34,0,0,0.0
Kenny Stills,7926,WR,16,NO,3,32,35,0.67,0,1,1.9
Christian Ponder,6164,QB,9,MIN,34,0,34,2.41,5,5,70.9
Zach Miller,3654,TE,14,SEA,0,33,33,,1,1,6.1
Kenbrell Thompkins,8126,WR,12,NE,0,32,32,,0,6,18.8
John Carlson,4352,TE,13,MIN,0,32,32,,4,2,18.8
Lance Kendricks,6199,TE,15,STR,0,32,32,,1,2,9.4
Earl Bennett,4384,WR,15,CHI,0,32,32,,0,3,9.4
Mike Brown,7698,WR,11,JAX,0,32,32,,0,6,18.8
Andrew Quarless,5677,TE,16,GB,0,32,32,,2,3,15.6
Tom Brady,698,QB,16,NE,31,1,32,0.23,0,0,0.0
Brent Celek,3778,TE,16,PHI,0,32,32,,0,4,12.5
Darrius Heyward-Bey,4930,WR,16,IND,3,29,32,1.33,0,1,4.2
Bruce Miller,6363,FB,14,SF,7,25,32,0.71,2,3,11.2
Peyton Manning,327,QB,16,DEN,32,0,32,0.00,0,0,0.0
Anthony Dixon,5696,HB,12,SF,28,3,31,1.46,1,0,4.7
Da'Rel Scott,6373,HB,5,NYG,20,11,31,1.85,0,1,6.0
Dallas Clark,1340,TE,12,BLT,0,31,31,,1,3,12.9
Jerrel Jernigan,6235,WR,15,NYG,2,29,31,25.50,1,6,575.8
Kellen Winslow,1727,TE,12,NYJ,0,31,31,,0,3,9.7
Justin Blackmon,7011,WR,4,JAX,1,29,30,0.00,0,2,0.0
Aaron Rodgers,2241,QB,9,GB,30,0,30,1.23,0,1,4.1
Leonard Hankerson,6231,WR,10,WAS,0,30,30,,0,1,3.3
Kyle Rudolph,6195,TE,8,MIN,0,30,30,,1,5,20.0
Brandon Gibson,5118,WR,7,MIA,0,30,30,,0,3,10.0
Philip Rivers,1725,QB,16,SD,28,1,29,1.11,0,0,0.0
Jed Collins,4743,FB,16,NO,15,14,29,1.73,4,1,29.9
Logan Paulsen,5795,TE,16,WAS,0,28,28,,1,5,21.4
Alfonso Smith,5877,HB,14,ARZ,18,10,28,2.56,1,1,18.3
Chad Henne,4371,QB,15,JAX,28,0,28,1.71,1,2,18.4
Ben Roethlisberger,1732,QB,16,PIT,27,1,28,1.41,0,0,0.0
Tommy Bohanon,7997,FB,16,NYJ,17,11,28,2.00,3,2,35.7
Joe Flacco,4332,QB,16,BLT,27,0,27,1.48,2,0,11.0
T.J. Graham,7071,WR,16,BUF,4,23,27,2.50,0,5,46.3
Mike Glennon,7854,QB,13,TB,27,0,27,1.11,0,1,4.1
Jonathan Grimes,7585,HB,2,HST,21,6,27,1.24,0,2,9.2
Sean McGrath,7515,TE,16,KC,0,26,26,,1,1,7.7
Jim Dray,5756,TE,16,ARZ,0,26,26,,2,0,7.7
Jarius Wright,7118,WR,16,MIN,0,26,26,,0,4,15.4
Jeff Cumberland,5861,TE,15,NYJ,0,26,26,,0,3,11.5
Carson Palmer,1317,QB,16,ARZ,26,0,26,0.00,0,3,0.0
Ed Dickson,5595,TE,16,BLT,0,25,25,,3,2,20.0
Stanley Havili,6392,FB,13,IND,7,18,25,1.29,3,3,30.9
Andre Holmes,6489,WR,10,OAK,0,25,25,,0,0,0.0
Michael Cox,8036,HB,3,NYG,22,3,25,1.27,2,1,15.3
Jermichael Finley,4405,TE,6,GB,0,25,25,,1,11,48.0
Marcedes Lewis,2973,TE,11,JAX,0,25,25,,0,10,40.0
Jake Locker,6160,QB,7,TEN,24,0,24,2.58,1,2,32.3
Tiquan Underwood,5177,WR,12,TB,0,24,24,,0,1,4.2
Griff Whalen,7351,WR,9,IND,0,24,24,,0,6,25.0
Stephen Hill,7047,WR,12,NYJ,0,24,24,,1,3,16.7
Clay Harbor,5648,TE,16,JAX,0,24,24,,1,1,8.3
Miles Austin,3211,WR,11,DAL,0,24,24,,1,0,4.2
Owen Daniels,3043,TE,5,HST,0,24,24,,0,2,8.3
Thaddeus Lewis,5817,QB,6,BUF,24,0,24,0.79,2,2,13.2
Johnathan Franklin,7907,HB,5,GB,19,4,23,4.32,5,0,93.8
Anthony Fasano,2998,TE,9,KC,0,23,23,,2,2,17.4
Kellen Clemens,2994,QB,10,STR,23,0,23,1.35,0,0,0.0
Santonio Holmes,2970,WR,11,NYJ,0,23,23,,0,0,0.0
Jay Cutler,2956,QB,11,CHI,23,0,23,1.70,0,0,0.0
John Kuhn,2686,FB,14,GB,10,13,23,1.30,1,1,11.3
Vonta Leach,2100,FB,16,BLT,11,11,22,0.82,0,1,3.7
Darius Johnson,8418,WR,10,ATL,0,22,22,,0,3,13.6
Keshawn Martin,7121,WR,14,HST,0,22,22,,0,3,13.6
Jermaine Kearse,7428,WR,15,SEA,0,22,22,,0,0,0.0
Josh Morgan,4488,WR,14,WAS,2,20,22,0.50,2,2,9.1
Mike Williams,5625,WR,6,TB,0,22,22,,0,2,9.1
Aldrick Robinson,6330,WR,16,WAS,3,18,21,1.00,0,1,4.8
Justin Forsett,4547,HB,9,JAX,6,15,21,2.50,0,4,47.6
Denard Robinson,7917,HB,14,JAX,20,0,20,2.40,1,0,12.0
Marquise Goodwin,7859,WR,12,BUF,3,17,20,0.33,0,0,0.0
Tony Romo,1693,QB,15,DAL,20,0,20,0.05,0,0,0.0
Dennis Pitta,5638,TE,4,BLT,0,20,20,,0,0,0.0
Anthony Sherman,6288,FB,16,KC,2,18,20,1.00,0,4,20.0
Jacob Tamme,4441,TE,16,DEN,0,20,20,,0,3,15.0
Luke Willson,7940,TE,16,SEA,0,20,20,,0,4,20.0
Stedman Bailey,7873,WR,10,STR,2,17,19,1.50,0,2,15.8
Tandon Doss,6275,WR,14,BLT,0,19,19,,0,1,5.3
Michael Crabtree,4933,WR,5,SF,0,19,19,,0,4,21.1
Benjamin Watson,1753,TE,15,NO,0,19,19,,2,1,15.8
Frank Summers,5093,FB,13,BUF,12,7,19,2.67,5,1,84.2
Kerry Taylor,6760,WR,7,JAX,0,19,19,,0,1,5.3
Ryan Griffin,7982,TE,15,HST,0,19,19,,1,0,5.3
Joseph Fauria,8478,TE,16,DET,0,18,18,,0,1,5.6
Robert Meachem,3643,WR,15,NO,2,16,18,0.00,0,1,0.0
Eli Manning,1722,QB,16,NYG,18,0,18,2.56,0,0,0.0
Isaiah Pead,7053,HB,7,STR,7,11,18,2.86,0,2,31.7
Brian Quick,7037,WR,16,STR,0,18,18,,0,3,16.7
Jacoby Ford,5632,WR,14,OAK,5,13,18,4.60,1,1,51.1
Justin Hunter,7815,WR,14,TEN,0,18,18,,0,1,5.6
Matt Cassel,2447,QB,9,MIN,18,0,18,1.11,1,2,18.5
Christine Michael,7843,HB,3,SEA,18,0,18,2.50,4,0,55.6
Bobby Rainey Jr.,7511,HB,4,CLV,13,4,17,1.54,3,2,45.2
Matt Ryan,4317,QB,16,ATL,17,0,17,2.24,0,1,13.1
Andre Caldwell,4411,WR,16,DEN,1,16,17,2.00,0,0,0.0
Matt Flynn,4523,QB,5,GB,17,0,17,0.94,0,0,0.0
Ladarius Green,7110,TE,16,SD,0,17,17,,1,2,17.6
Cyrus Gray,7655,HB,12,KC,9,7,16,2.22,2,2,55.6
Darrel Young,5438,FB,13,WAS,12,4,16,1.58,2,1,29.7
Damian Williams,5601,WR,10,TEN,0,15,15,,0,0,0.0
DeVier Posey,7070,WR,13,HST,0,15,15,,0,1,6.7
Sam Bradford,5526,QB,7,STR,15,0,15,0.13,0,0,0.0
Chris Polk,7532,HB,9,PHI,11,4,15,7.18,2,2,191.5
Joshua Cribbs,2544,WR,6,NYJ,13,2,15,2.38,1,0,15.9
Sidney Rice,3660,WR,8,SEA,0,15,15,,0,0,0.0
Da'Rick Rogers,8444,WR,5,IND,1,14,15,2.00,0,2,26.7
Vick Ballard,7162,HB,1,IND,13,1,14,2.00,0,0,0.0
Isaac Redman,5233,HB,3,PIT,10,4,14,1.20,2,0,17.1
Le'Ron McClain,3753,FB,16,SD,11,3,14,1.64,1,0,11.7
Andrew Hawkins,6125,WR,8,CIN,2,12,14,0.00,0,1,0.0
Marcus Thigpen,5488,HB,11,MIA,6,8,14,1.50,0,1,10.7
Kyle Williams,5729,WR,9,SF,2,12,14,3.50,0,3,75.0
LaMichael James,7063,HB,8,SF,12,2,14,1.58,1,0,11.3
Case Keenum,7323,QB,8,HST,14,0,14,1.86,1,1,26.5
Jason Campbell,2242,QB,9,CLV,14,0,14,0.29,0,0,0.0
Chase Daniel,5214,QB,5,KC,14,0,14,1.21,0,0,0.0
Gary Barnidge,4455,TE,16,CLV,0,13,13,,0,0,0.0
Cory Harkey,7306,FB,15,STR,0,13,13,,0,3,23.1
Alex Green,6248,HB,8,NYJ,11,2,13,1.82,0,0,0.0
Theo Riddick,7980,HB,11,DET,9,4,13,1.89,2,1,43.6
Josh McCown,1085,QB,8,CHI,13,0,13,2.00,0,3,46.2
Junior Hemingway,7222,WR,16,KC,0,13,13,,0,0,0.0
Bear Pascoe,5108,TE,16,NYG,1,12,13,2.00,1,2,46.2
Brandon Stokley,498,WR,6,BLT,0,13,13,,0,1,7.7
Chris Owusu,7276,WR,9,TB,0,13,13,,0,0,0.0
Deji Karim,5703,HB,2,HST,12,1,13,2.00,2,0,30.8
Kevin Ogletree,5387,WR,12,DET,0,13,13,,1,3,30.8
Brandon Weeden,7028,QB,8,CLV,12,0,12,0.00,0,0,0.0
James Hanna,7175,TE,16,DAL,0,12,12,,0,1,8.3
LaVon Brazill,7191,WR,10,IND,0,12,12,,0,9,75.0
Tashard Choice,4436,HB,3,IND,11,1,12,1.45,0,1,12.1
Michael Hoomanawanui,5655,TE,13,NE,0,12,12,,0,1,8.3
Clyde Gates,6263,WR,6,NYJ,0,12,12,,0,0,0.0
Phillip Tanner,6420,HB,6,DAL,9,3,12,0.78,1,0,6.5
Drew Davis,6525,WR,16,ATL,0,12,12,,0,3,25.0
Michael Hill,8302,HB,3,TB,9,2,11,1.78,1,0,16.2
Levine Toilolo,7915,TE,16,ATL,0,11,11,,0,2,18.2
Chase Ford,7528,TE,9,MIN,0,11,11,,0,1,9.1
Kenny Britt,4953,WR,12,TEN,0,11,11,,0,3,27.3
Jaron Brown,8128,WR,16,ARZ,0,11,11,,0,0,0.0
Erik Lorig,5775,FB,15,TB,0,11,11,,2,0,18.2
Matt McGloin,8374,QB,7,OAK,11,0,11,0.09,1,2,2.5
Jamize Olawale,7572,FB,16,OAK,3,7,10,0.67,0,3,20.0
Deonte Thompson,7513,WR,6,BLT,0,10,10,,0,1,10.0
A.J. Jenkins,7034,WR,15,KC,2,8,10,4.50,1,0,45.0
Chris Hogan,6468,WR,12,BUF,0,10,10,,0,2,20.0
Derrick Coleman,7377,FB,10,SEA,2,8,10,5.00,0,1,50.0
Will Ta'ufo'ou,5226,FB,16,JAX,0,10,10,,2,4,60.0
Patrick Peterson,6157,CB,12,ARZ,4,6,10,2.00,0,0,0.0
Dwayne Harris,6328,WR,10,DAL,1,9,10,1.00,0,1,10.0
Josh Cooper,7672,WR,4,CLV,0,9,9,,0,1,11.1
Brice Butler,7991,WR,10,OAK,0,9,9,,0,0,0.0
Virgil Green,6356,TE,16,DEN,0,9,9,,1,0,11.1
Blaine Gabbert,6162,QB,3,JAX,9,0,9,0.78,0,0,0.0
Stephen Burton,6388,WR,4,JAX,1,8,9,0.00,0,1,0.0
Josh Boyce,7884,WR,9,NE,0,9,9,,0,3,33.3
Gavin Escobar,7828,TE,16,DAL,0,9,9,,0,0,0.0
Myles White,8243,WR,7,GB,0,9,9,,0,2,22.2
Mike Goodson,5034,HB,2,NYJ,7,2,9,5.86,2,0,130.2
Mario Manningham,4409,WR,6,SF,0,9,9,,0,1,11.1
Kenjon Barner,7963,HB,6,CAR,6,2,8,1.83,2,0,45.8
Tyrod Taylor,6332,QB,3,BLT,7,1,8,1.29,1,2,48.2
Vance McDonald,7836,TE,15,SF,0,8,8,,1,1,25.0
Patrick DiMarco,6997,FB,14,ATL,0,8,8,,0,0,0.0
Greg Salas,6264,WR,8,NYJ,0,8,8,,0,0,0.0
Will Johnson,7639,FB,15,PIT,0,8,8,,1,0,12.5
Kevin Ogletree,5387,WR,4,TB,0,8,8,,0,0,0.0
Ryan Broyles,7057,WR,6,DET,0,8,8,,0,1,12.5
James Develin,6142,FB,16,NE,4,4,8,1.25,3,0,46.9
MarQueis Gray,8286,TE,12,CLV,6,2,8,2.83,0,0,0.0
LaRod Stephens-Howling,5164,HB,1,PIT,6,2,8,1.83,0,0,0.0
Cedric Peerman,5109,HB,6,CIN,8,0,8,1.88,2,0,46.9
Brandon Bostick,7605,TE,10,GB,0,7,7,,0,2,28.6
Joel Dreessen,2415,TE,10,DEN,0,7,7,,0,0,0.0
Taiwan Jones,6277,CB,4,OAK,5,2,7,4.80,0,2,137.1
Josh Johnson,4474,QB,2,CIN,7,0,7,3.00,0,0,0.0
Josh Hill,8200,TE,11,NO,1,6,7,0.00,0,0,0.0
Tony Scheffler,3006,TE,5,DET,0,7,7,,0,0,0.0
Fred Davis,4362,TE,10,WAS,0,7,7,,0,0,0.0
Michael Egnew,7080,TE,16,MIA,0,7,7,,0,0,0.0
Domenik Hixon,3075,WR,14,CAR,0,7,7,,0,0,0.0
Jake Ballard,5822,TE,8,ARZ,0,7,7,,1,0,14.3
Greg Jones II,1776,FB,16,HST,2,5,7,1.00,1,0,14.3
C.J. Anderson,8101,HB,3,DEN,7,0,7,3.14,1,0,44.9
Antone Smith,5440,HB,6,ATL,5,2,7,2.40,2,0,68.6
Jeremy Ross,6476,WR,9,DET,2,5,7,10.00,1,0,142.9
Dan Herron,7179,HB,2,IND,5,1,6,3.00,0,1,50.0
Markus Wheaton,7860,WR,12,PIT,0,6,6,,0,0,0.0
Ryan Taylor,6370,TE,13,GB,0,6,6,,3,0,50.0
Jerome Felton,4460,FB,13,MIN,0,6,6,,2,0,33.3
Bernard Scott,5133,HB,2,BLT,4,2,6,2.25,1,0,37.5
John Conner,5662,FB,11,NYG,0,6,6,,1,0,16.7
Malcom Floyd,2044,WR,2,SD,0,6,6,,0,0,0.0
Louis Murphy,5048,WR,14,NYG,0,6,6,,0,0,0.0
Austin Collie,5051,WR,7,NE,0,6,6,,0,0,0.0
Charlie Whitehurst,3026,QB,2,SD,6,0,6,0.00,0,0,0.0
Jeron Mastrud,5948,TE,16,OAK,0,6,6,,1,0,16.7
Brian Hoyer,5277,QB,3,CLV,6,0,6,2.17,1,1,72.2
Marlon Moore,5887,WR,8,MIA,0,6,6,,0,0,0.0
Collin Mooney,7256,FB,12,TEN,0,6,6,,0,1,16.7
Colt McCoy,5609,QB,4,SF,6,0,6,0.00,0,0,0.0
Mike Gillislee,7946,HB,1,MIA,6,0,6,1.67,0,0,0.0
Ricardo Lockette,6622,WR,8,SEA,1,5,6,1.00,0,0,0.0
Travis Benjamin,7100,WR,8,CLV,1,5,6,20.00,1,2,1000.0
Dane Sanzenbacher,6570,WR,9,CIN,0,6,6,,0,0,0.0
Dion Sims,7888,TE,15,MIA,0,6,6,,0,0,0.0
Patrick Edwards,7463,WR,4,DET,0,5,5,,0,1,20.0
Joe Webb III,5722,WR,16,MIN,0,5,5,,0,1,20.0
Jack Doyle,8520,TE,13,IND,0,5,5,,1,1,40.0
Eric Page,8539,WR,11,TB,1,4,5,6.00,1,0,120.0
Derek Anderson,2430,QB,4,CAR,5,0,5,0.20,0,0,0.0
Lee Smith,6311,TE,16,BUF,0,5,5,,1,1,40.0
Mike Preston,6413,WR,7,TEN,0,5,5,,0,0,0.0
Allen Reisner,6493,TE,5,JAX,0,5,5,,0,0,0.0
Scott Tolzien,6749,QB,3,GB,5,0,5,6.40,3,3,768.0
Matt Schaub,1811,QB,10,HST,5,0,5,0.80,0,0,0.0
Rhett Ellison,7128,FB,11,MIN,0,5,5,,0,2,40.0
Matt Simms,7423,QB,3,NYJ,5,0,5,5.80,0,0,0.0
David Paulson,7660,TE,10,PIT,0,5,5,,0,0,0.0
Josh Freeman,4940,QB,3,TB,5,0,5,0.20,0,0,0.0
Chris Gragg,8004,TE,7,BUF,0,5,5,,0,0,0.0
Zach Sudfeld,8313,TE,11,NYJ,0,5,5,,0,0,0.0
Ray Graham,8380,HB,1,HST,4,1,5,1.75,0,1,35.0
Jeff Maehl,6706,WR,15,PHI,0,4,4,,0,0,0.0
Nick Toon,7122,WR,8,NO,0,4,4,,0,0,0.0
Lestar Jean,6705,WR,9,HST,0,4,4,,0,0,0.0
Jeremy Stewart,7534,HB,3,OAK,2,2,4,1.00,0,0,0.0
Armond Smith,6824,HB,2,CAR,4,0,4,1.25,0,0,0.0
Niles Paul,6307,TE,13,WAS,0,4,4,,0,0,0.0
Shaun Draughn,6440,HB,1,BLT,4,0,4,0.75,0,0,0.0
John Phillips,5132,TE,15,SD,0,4,4,,0,1,25.0
Weslye Saunders,6496,TE,6,IND,0,4,4,,1,0,25.0
Tom Crabtree,5458,TE,7,TB,0,4,4,,1,0,25.0
Quinton Patton,7910,WR,6,SF,1,3,4,2.00,0,1,50.0
Brittan Golden,7481,WR,5,ARZ,0,4,4,,0,1,25.0
Kirk Cousins,7102,QB,5,WAS,4,0,4,1.50,0,0,0.0
Skye Dawson,8453,WR,7,TB,2,2,4,6.50,1,2,487.5
Jeff Demps,7760,HB,2,TB,1,3,4,2.00,0,0,0.0
Tarvaris Jackson,3009,QB,3,SEA,4,0,4,0.75,0,0,0.0
Sheldon Richardson,7794,DI,4,NYJ,4,0,4,0.50,0,0,0.0
David Johnson,5165,TE,5,PIT,0,4,4,,0,1,25.0
Tony Fiammetta,5052,FB,16,CHI,0,4,4,,1,1,50.0
Brad Smith,3048,WR,6,PHI,2,2,4,1.00,0,1,25.0
Nate Byham,5705,TE,4,TB,0,3,3,,0,2,66.7
Nick Williams,8005,WR,5,WAS,0,3,3,,0,0,0.0
Brock Osweiler,7059,QB,3,DEN,3,0,3,3.67,0,0,0.0
Spencer Ware,7975,FB,1,SEA,3,0,3,1.33,0,0,0.0
Kerry Taylor,6760,WR,1,ARZ,0,3,3,,0,0,0.0
Seyi Ajirotutu,6035,WR,9,SD,0,3,3,,0,0,0.0
Evan Royster,6329,HB,3,WAS,2,1,3,0.00,0,0,0.0
Matt Flynn,4523,QB,2,OAK,3,0,3,1.00,0,0,0.0
James Casey,5076,TE,13,PHI,0,3,3,,0,1,33.3
Jeremy Ebert,7219,WR,5,JAX,0,3,3,,0,0,0.0
Curtis Painter,5125,QB,3,NYG,3,0,3,0.00,0,0,0.0
Luke McCown,1827,QB,3,NO,3,0,3,0.00,0,0,0.0
Cierre Wood,8343,HB,2,HST,3,0,3,3.00,1,0,100.0
Kellen Davis,4472,TE,14,SEA,0,3,3,,0,0,0.0
Taylor Thompson,7140,TE,16,TEN,0,3,3,,2,0,66.7
Kevin Brock,5328,TE,4,KC,0,3,3,,0,0,0.0
Jonathan Baldwin,6178,WR,7,SF,0,3,3,,0,0,0.0
Larry Donnell,7638,TE,15,NYG,0,3,3,,0,0,0.0
Juron Criner,7160,WR,1,OAK,0,3,3,,0,0,0.0
Michael Robinson,3045,FB,9,SEA,1,2,3,0.00,2,0,0.0
Alex Smith,2288,TE,16,CIN,0,3,3,,0,0,0.0
Jeff Tuel,8508,QB,2,BUF,3,0,3,0.00,0,0,0.0
Lamaar Thomas,8315,WR,2,JAX,0,2,2,,0,0,0.0
Bradie Ewing,7150,FB,2,ATL,0,2,2,,0,0,0.0
Saalim Hakim,7334,WR,3,NYJ,2,0,2,7.50,1,0,375.0
Derek Moye,7397,WR,7,PIT,0,2,2,,0,0,0.0
Visanthe Shiancoe,1406,TE,1,TEN,0,2,2,,0,1,50.0
Richard Brockel,6037,FB,15,CAR,1,1,2,2.00,1,1,200.0
Danny Noble,7445,TE,8,JAX,0,2,2,,0,1,50.0
Travaris Cadet,7457,HB,3,NO,0,2,2,,0,0,0.0
Marlon Moore,5887,WR,6,SF,1,1,2,2.00,0,0,0.0
Damaris Johnson,7530,WR,12,PHI,0,2,2,,0,0,0.0
Josh Vaughan,5289,HB,1,ATL,1,1,2,1.00,0,0,0.0
Chad Hall,5523,WR,8,KC,0,2,2,,0,0,0.0
Dominique Jones,6988,TE,6,IND,0,2,2,,0,0,0.0
Shaun Hill,1255,QB,1,DET,2,0,2,0.00,0,0,0.0
Matthew Mulligan,4701,TE,15,NE,0,2,2,,1,0,50.0
Darius Reynaud,4661,HB,2,TEN,1,1,2,1.00,0,0,0.0
Eric Weddle,3653,S,2,SD,2,0,2,1.00,0,0,0.0
Matt Barkley,7880,QB,3,PHI,2,0,2,0.00,0,0,0.0
Sam Martin,7947,P,2,DET,2,0,2,0.50,0,0,0.0
Matt Hasselbeck,408,QB,3,IND,2,0,2,0.00,0,0,0.0
Billy Bajema,2466,TE,5,BLT,0,2,2,,1,0,50.0
Armanti Edwards,5613,WR,2,CLV,1,1,2,0.00,0,1,0.0
Marquess Wilson,8019,WR,9,CHI,0,2,2,,0,1,50.0
Marcus Easley,5631,WR,9,BUF,0,2,2,,0,0,0.0
Ronnie Wingo,8067,HB,1,BUF,1,1,2,1.00,0,0,0.0
Mikel Leshoure,6209,HB,1,DET,2,0,2,1.50,0,0,0.0
Craig Stevens,4399,TE,15,TEN,0,2,2,,1,0,50.0
Brian Tyms,7321,WR,7,CLV,0,2,2,,0,0,0.0
Dorin Dickerson,5750,TE,4,DET,0,2,2,,0,0,0.0
Garrett Celek,7274,TE,11,SF,0,2,2,,0,1,50.0
Kyle Orton,2323,QB,3,DAL,1,0,1,0.00,0,0,0.0
Corey Lynch,4491,S,1,IND,1,0,1,0.00,0,0,0.0
Brad Meester,627,C,16,JAX,0,1,1,,3,0,300.0
Richard Gordon,6333,TE,1,KC,0,1,1,,0,0,0.0
Tori Gurley,6750,WR,2,CLV,0,1,1,,0,0,0.0
Percy Harvin,4945,WR,1,SEA,0,1,1,,0,0,0.0
Matt Spaeth,3693,TE,4,PIT,0,1,1,,0,0,0.0
Nick Kasa,7954,TE,14,OAK,0,1,1,,0,0,0.0
T.J. Yates,6304,QB,3,HST,1,0,1,0.00,0,0,0.0
Shiloh Keo,6296,S,1,HST,1,0,1,3.00,0,0,0.0
Tyler Clutts,6124,FB,4,DAL,0,1,1,,1,0,100.0
Zach Line,8420,FB,3,MIN,0,1,1,,0,0,0.0
Mike McNeill,6787,TE,10,STR,0,1,1,,0,0,0.0
Ben Obomanu,3194,WR,2,NYJ,0,1,1,,0,0,0.0
Chimdi Chekwa,6265,CB,2,OAK,0,1,1,,0,0,0.0
Josh Aubrey,8428,S,1,CLV,1,0,1,35.00,1,0,3500.0
Dante Rosario,3771,TE,15,CHI,0,1,1,,0,0,0.0
Kevin Cone,6889,WR,10,ATL,0,1,1,,0,1,100.0
Kyle Long,7801,G,16,CHI,0,1,1,,3,0,300.0
Teddy Williams,6073,WR,3,ARZ,0,1,1,,0,0,0.0
Gino Gradkowski,7098,C,16,BLT,1,0,1,0.00,1,0,0.0
Justice Cunningham,8037,TE,1,IND,0,1,1,,0,0,0.0
Kevin Huber,5066,P,1,CIN,1,0,1,0.00,0,0,0.0
David Reed,5679,WR,5,IND,0,1,1,,0,0,0.0
Marcus Gilbert,6215,T,16,PIT,0,1,1,,4,0,400.0
Brandon Tate,5006,WR,13,CIN,0,1,1,,0,0,0.0
Kassim Osgood,1676,WR,11,SF,0,1,1,,0,0,0.0
Leon Washington,3062,HB,1,NE,1,0,1,3.00,1,0,300.0
Trindon Holliday,5720,WR,2,DEN,1,0,1,2.00,0,0,0.0
Nick Mangold,2974,C,16,NYJ,1,0,1,0.00,1,0,0.0
Orson Charles,7116,FB,7,CIN,0,1,1,,0,0,0.0
Dashon Goldson,3742,S,1,TB,1,0,1,0.00,0,0,0.0
Kory Sperry,5369,TE,7,ARZ,0,1,1,,0,0,0.0
Michael Palmer,5784,TE,12,PIT,0,1,1,,0,0,0.0
Samson Satele,3676,C,13,IND,0,1,1,,2,0,200.0
Dwayne Allen,7066,TE,1,IND,0,1,1,,0,1,100.0
Eric Weems,4097,WR,5,CHI,0,1,1,,0,0,0.0
Robert Hughes,6564,FB,1,IND,0,1,1,,0,0,0.0
Ryan Wendell,4602,C,16,NE,1,0,1,0.00,3,0,0.0
Brett Kern,4580,P,1,TEN,1,0,1,0.00,0,0,0.0
Joe Banyard,7361,HB,3,MIN,0,1,1,,0,0,0.0
Jeremy Ross,6476,WR,2,GB,0,1,1,,0,1,100.0
Chris Maragos,5906,S,1,SEA,1,0,1,0.00,0,0,0.0
Konrad Reuland,6469,TE,5,NYJ,0,1,1,,0,0,0.0
Henry Hynoski,6666,FB,3,NYG,0,1,1,,0,0,0.0
Joe Staley,3644,T,16,SF,0,1,1,,2,0,200.0
Lyle Sendlein,4062,C,16,ARZ,1,0,1,0.00,3,0,0.0
Brandon Fields,3841,P,1,MIA,1,0,1,0.00,0,0,0.0
Steve Weatherford,3552,P,1,NYG,1,0,1,0.00,0,0,0.0
Donald Penn,3459,T,16,TB,0,1,1,,1,0,100.0
