player,player_id,position,player_game_count,team_name,route_snaps,targets,target_percent,slot_snaps,slot_snap_percent,slot_targets,slot_target_percent,slot_receptions,slot_drops,slot_yards,slot_yprr,slot_touchdowns,slot_drop_rate,slot_catch_rate
Fred Jackson,3368,HB,8,BUF,78,28,35.9,3,3.8,2,66.7,2,0,19,6.33,0,0.0,100.0
Moran Norris,865,FB,15,SF,48,10,20.8,3,6.3,1,33.3,1,0,11,3.67,0,0.0,100.0
Sammy Morris,678,HB,6,NE,64,7,10.9,2,3.1,1,50.0,1,0,5,2.50,0,0.0,100.0
Frank Gore,2282,HB,15,SF,264,65,24.6,19,7.2,3,15.8,3,0,14,0.74,0,0.0,100.0
Alex Smith,2288,TE,14,TB,310,42,13.5,41,13.2,3,7.3,3,0,49,1.20,0,0.0,100.0
Chad Lucas,2109,WR,2,TB,27,5,18.5,5,18.5,1,20.0,1,0,5,1.00,0,0.0,100.0
Michael Robinson,3045,HB,10,SF,52,13,25.0,7,13.5,1,14.3,1,0,4,0.57,0,0.0,100.0
Earnest Graham,1613,HB,15,TB,278,63,22.7,6,2.2,1,16.7,1,0,5,0.83,0,0.0,100.0
B.J. Askew,1400,FB,13,TB,114,19,16.7,4,3.5,2,50.0,2,0,21,5.25,0,0.0,100.0
Michael Bennett,797,HB,7,TB,39,9,23.1,6,15.4,3,50.0,3,0,42,7.00,1,0.0,100.0
Jason Hill,3692,WR,4,SF,24,2,8.3,6,25.0,1,16.7,1,0,6,1.00,0,0.0,100.0
Mike Karney,1875,FB,16,NO,143,17,11.9,15,10.5,1,6.7,1,0,5,0.33,0,0.0,100.0
Matt Schobel,1074,TE,14,PHI,121,17,14.0,17,14.0,3,17.6,3,0,35,2.06,0,0.0,100.0
Aaron Stecker,572,HB,15,NO,160,38,23.8,18,11.3,4,22.2,4,0,20,1.11,0,0.0,100.0
LaDainian Tomlinson,777,HB,16,SD,328,82,25.0,8,2.4,2,25.0,2,0,13,1.63,0,0.0,100.0
Adrian Peterson,1177,HB,16,CHI,235,58,24.7,2,0.9,1,50.0,1,0,0,0.00,0,0.0,100.0
Johnnie Lee Higgins,3715,WR,15,OAK,86,7,8.1,14,16.3,1,7.1,1,0,-2,-0.14,0,0.0,100.0
Zach Miller,3654,TE,16,OAK,369,63,17.1,60,16.3,6,10.0,6,0,75,1.25,0,0.0,100.0
Wallace Wright,3563,WR,9,NYJ,54,11,20.4,11,20.4,1,9.1,1,0,36,3.27,0,0.0,100.0
Reuben Droughns,640,HB,14,NYG,87,14,16.1,1,1.1,1,100.0,1,0,4,4.00,0,0.0,100.0
Kevin Boss,3769,TE,10,NYG,88,14,15.9,12,13.6,1,8.3,1,0,3,0.25,1,0.0,100.0
Ahmad Bradshaw,3866,HB,5,NYG,13,4,30.8,1,7.7,1,100.0,1,0,1,1.00,0,0.0,100.0
Courtney Taylor,3813,WR,6,SEA,41,6,14.6,6,14.6,1,16.7,1,0,9,1.50,0,0.0,100.0
Dominique Byrd,3038,TE,2,STR,27,5,18.5,18,66.7,3,16.7,3,0,33,1.83,0,0.0,100.0
Jameel Cook,904,FB,5,HST,37,8,21.6,3,8.1,1,33.3,1,0,5,1.67,0,0.0,100.0
Jeb Putzier,1174,TE,7,HST,55,8,14.5,12,21.8,2,16.7,2,0,17,1.42,0,0.0,100.0
Willie Reid,3040,WR,5,PIT,34,6,17.6,18,52.9,4,22.2,4,0,54,3.00,0,0.0,100.0
Willie Parker,2142,HB,14,PIT,167,25,15.0,12,7.2,1,8.3,1,0,4,0.33,0,0.0,100.0
Najeh Davenport,1131,HB,15,PIT,128,25,19.5,8,6.3,2,25.0,2,0,49,6.13,1,0.0,100.0
Leonard Pope,3017,TE,13,ARZ,170,34,20.0,23,13.5,2,8.7,2,0,10,0.43,0,0.0,100.0
Adam Jennings,3129,WR,13,ATL,84,6,7.1,62,73.8,6,9.7,6,0,62,1.00,1,0.0,100.0
Glenn Holt,3355,WR,9,CIN,120,21,17.5,24,20.0,1,4.2,1,0,17,0.71,0,0.0,100.0
DeDe Dorsey,3299,HB,7,CIN,20,5,25.0,1,5.0,1,100.0,1,0,17,17.00,0,0.0,100.0
Skyler Green,3070,WR,2,CIN,26,4,15.4,19,73.1,3,15.8,3,0,33,1.74,0,0.0,100.0
Chris Henry,2300,WR,8,CIN,209,36,17.2,13,6.2,2,15.4,2,0,29,2.23,0,0.0,100.0
Kenny Watson,1001,HB,16,CIN,290,63,21.7,9,3.1,1,11.1,1,0,4,0.44,0,0.0,100.0
Martrez Milner,3749,TE,7,ATL,58,9,15.5,10,17.2,1,10.0,1,0,15,1.50,0,0.0,100.0
Reggie Kelly,468,TE,15,CIN,357,26,7.3,67,18.8,6,9.0,6,0,59,0.88,0,0.0,100.0
Marvin Harrison,162,WR,5,IND,142,32,22.5,5,3.5,1,20.0,1,0,8,1.60,0,0.0,100.0
Joseph Addai,2975,HB,15,IND,297,43,14.5,4,1.3,1,25.0,1,0,5,1.25,0,0.0,100.0
Ahmard Hall,3336,FB,10,TEN,52,11,21.2,2,3.8,1,50.0,1,0,6,3.00,0,0.0,100.0
Ryan Grant,2609,HB,14,GB,138,34,24.6,6,4.3,1,16.7,1,0,4,0.67,0,0.0,100.0
Lorenzo Booker,3687,HB,6,MIA,106,34,32.1,10,9.4,2,20.0,2,0,23,2.30,0,0.0,100.0
Willis McGahee,1339,HB,15,BLT,166,48,28.9,6,3.6,1,16.7,1,0,6,1.00,0,0.0,100.0
Greg Camarillo,2523,WR,10,MIA,103,10,9.7,76,73.8,4,5.3,4,0,122,1.61,1,0.0,100.0
Demetrius Williams,3056,WR,9,BLT,253,46,18.2,19,7.5,3,15.8,3,0,25,1.32,0,0.0,100.0
Matt Willis,4283,WR,4,BLT,14,1,7.1,5,35.7,1,20.0,1,0,11,2.20,0,0.0,100.0
Dante Rosario,3771,TE,13,CAR,54,6,11.1,14,25.9,2,14.3,2,0,25,1.79,2,0.0,100.0
Todd Yoder,772,TE,15,WAS,86,10,11.6,18,20.9,3,16.7,3,0,23,1.28,0,0.0,100.0
Michael Sellers,432,FB,14,WAS,118,22,18.6,7,5.9,1,14.3,1,0,7,1.00,0,0.0,100.0
George Wrighster,1417,TE,11,JAX,120,22,18.3,13,10.8,1,7.7,1,0,9,0.69,0,0.0,100.0
LaBrandon Toefield,1443,HB,1,JAX,13,1,7.7,1,7.7,1,100.0,1,0,4,4.00,0,0.0,100.0
Troy Walters,682,WR,10,DET,62,10,16.1,14,22.6,3,21.4,3,0,22,1.57,0,0.0,100.0
Kevin Jones,1751,HB,13,DET,262,40,15.3,6,2.3,2,33.3,2,0,13,2.17,0,0.0,100.0
Daniel Graham,1028,TE,15,DEN,291,30,10.3,46,15.8,6,13.0,6,0,54,1.17,0,0.0,100.0
Selvin Young,4109,HB,15,DEN,230,41,17.8,3,1.3,2,66.7,2,0,13,4.33,0,0.0,100.0
Anthony Thomas,808,HB,9,BUF,67,19,28.4,1,1.5,1,100.0,1,0,7,7.00,0,0.0,100.0
Robert Ferguson,811,WR,15,MIN,310,57,18.4,25,8.1,1,4.0,1,0,12,0.48,0,0.0,100.0
Craig Davis,3646,WR,13,SD,219,30,13.7,96,43.8,10,10.4,9,0,70,0.73,0,0.0,90.0
David Anderson,3196,WR,6,HST,126,15,11.9,84,66.7,9,10.7,8,0,87,1.04,1,0.0,88.9
Brandon Middleton,2123,WR,4,DET,60,9,15.0,54,90.0,9,16.7,8,0,70,1.30,1,0.0,88.9
Eric Johnson,929,TE,14,NO,370,59,15.9,142,38.4,34,23.9,30,2,230,1.62,2,6.3,88.2
Dennis Northcutt,605,WR,15,JAX,321,68,21.2,150,46.7,23,15.3,20,0,213,1.42,3,0.0,87.0
Terrance Copper,2016,WR,14,NO,123,18,14.6,44,35.8,7,15.9,6,1,56,1.27,0,14.3,85.7
Antonio Chatman,946,WR,12,CIN,129,28,21.7,51,39.5,14,27.5,12,0,89,1.75,1,0.0,85.7
Tony Scheffler,3006,TE,13,DEN,257,62,24.1,75,29.2,14,18.7,12,0,87,1.16,1,0.0,85.7
Kevin Faulk,470,HB,16,NE,302,56,18.5,30,9.9,7,23.3,6,0,38,1.27,0,0.0,85.7
Samie Parker,1826,WR,15,KC,344,37,10.8,149,43.3,19,12.8,16,0,183,1.23,1,0.0,84.2
Jabar Gaffney,1040,WR,16,NE,294,46,15.6,158,53.7,23,14.6,19,1,256,1.62,2,5.0,82.6
Wes Welker,2204,WR,16,NE,525,138,26.3,466,88.8,118,25.3,96,5,1000,2.15,5,5.0,81.4
Greg Jennings,2997,WR,13,GB,445,83,18.7,164,36.9,32,19.5,26,2,369,2.25,5,7.1,81.3
Quinn Sypniewski,3111,TE,14,BLT,272,47,17.3,86,31.6,21,24.4,17,2,147,1.71,1,10.5,81.0
Jerramy Stevens,1035,TE,14,TB,200,20,10.0,50,25.0,5,10.0,4,0,31,0.62,0,0.0,80.0
Ernest Wilford,1841,WR,16,JAX,381,71,18.6,61,16.0,10,16.4,8,0,89,1.46,2,0.0,80.0
Delanie Walker,3120,TE,16,SF,228,41,18.0,61,26.8,9,14.8,7,1,50,0.82,0,12.5,77.8
Andre' Davis,1054,WR,14,HST,362,59,16.3,50,13.8,9,18.0,7,0,54,1.08,0,0.0,77.8
Billy Miller,534,TE,16,NO,175,38,21.7,45,25.7,9,20.0,7,0,115,2.56,0,0.0,77.8
David Patten,221,WR,16,NO,381,84,22.0,81,21.3,17,21.0,13,1,154,1.90,0,7.1,76.5
Bobby Engram,177,WR,16,SEA,486,127,26.1,412,84.8,116,28.2,88,3,1075,2.61,4,3.3,75.9
Brandon Jones,2313,WR,8,TEN,145,34,23.4,13,9.0,4,30.8,3,1,36,2.77,1,25.0,75.0
Reggie Williams,1730,WR,15,JAX,311,57,18.3,44,14.1,4,9.1,3,0,36,0.82,1,0.0,75.0
Bernard Berrian,1799,WR,16,CHI,553,121,21.9,31,5.6,4,12.9,3,0,19,0.61,0,0.0,75.0
Eric Moulds,165,WR,16,TEN,384,47,12.2,139,36.2,24,17.3,18,2,215,1.55,0,10.0,75.0
Lance Moore,2718,WR,16,NO,306,47,15.4,93,30.4,16,17.2,12,0,119,1.28,1,0.0,75.0
Vernon Davis,2951,TE,14,SF,457,77,16.8,50,10.9,8,16.0,6,0,76,1.52,0,0.0,75.0
Bryan Fletcher,1184,TE,12,IND,176,26,14.8,47,26.7,8,17.0,6,0,38,0.81,0,0.0,75.0
Ben Utecht,2199,TE,14,IND,224,36,16.1,29,12.9,8,27.6,6,0,88,3.03,0,0.0,75.0
D.J. Hackett,1876,WR,6,SEA,197,45,22.8,53,26.9,16,30.2,12,0,108,2.04,0,0.0,75.0
Owen Daniels,3043,TE,16,HST,472,87,18.4,80,16.9,16,20.0,12,1,162,2.03,1,7.7,75.0
Legedu Naanee,3788,WR,11,SD,73,12,16.4,47,64.4,8,17.0,6,0,44,0.94,0,0.0,75.0
Jason Witten,1384,TE,16,DAL,481,141,29.3,104,21.6,32,30.8,24,1,292,2.81,1,4.0,75.0
Justin Gage,1452,WR,16,TEN,421,83,19.7,192,45.6,39,20.3,29,1,408,2.13,0,3.3,74.4
Benjamin Watson,1753,TE,12,NE,256,48,18.8,156,60.9,27,17.3,20,2,225,1.44,2,9.1,74.1
Andre Johnson,1319,WR,9,HST,265,82,30.9,59,22.3,23,39.0,17,1,185,3.14,4,5.6,73.9
Jerricho Cotchery,1829,WR,15,NYJ,525,120,22.9,338,64.4,72,21.3,53,4,646,1.91,1,7.0,73.6
Ike Hilliard,233,WR,15,TB,403,83,20.6,203,50.4,53,26.1,39,6,469,2.31,1,13.3,73.6
Justin Peelle,1104,TE,16,MIA,225,41,18.2,58,25.8,15,25.9,11,1,69,1.19,0,8.3,73.3
Tony Gonzalez,237,TE,16,KC,564,144,25.5,221,39.2,52,23.5,38,3,422,1.91,1,7.3,73.1
Donald Driver,533,WR,15,GB,529,116,21.9,431,81.5,88,20.4,64,3,753,1.75,2,4.5,72.7
Matt Jones,2238,WR,12,JAX,162,49,30.2,48,29.6,11,22.9,8,0,102,2.13,0,0.0,72.7
Laveranues Coles,638,WR,12,NYJ,321,83,25.9,40,12.5,11,27.5,8,1,85,2.13,2,11.1,72.7
Reggie Bush,2947,HB,12,NO,376,92,24.5,65,17.3,18,27.7,13,2,102,1.57,1,13.3,72.2
Anquan Boldin,1369,WR,12,ARZ,433,96,22.2,236,54.5,43,18.2,31,1,341,1.44,3,3.1,72.1
Mike Furrey,726,WR,16,DET,539,88,16.3,358,66.4,60,16.8,43,1,418,1.17,1,2.3,71.7
Maurice Stovall,3035,WR,13,TB,143,13,9.1,55,38.5,7,12.7,5,0,41,0.75,0,0.0,71.4
Robert Royal,1151,TE,16,BUF,311,34,10.9,82,26.4,7,8.5,5,0,39,0.48,0,0.0,71.4
Chris Davis,3744,WR,6,TEN,44,9,20.5,41,93.2,7,17.1,5,0,38,0.93,0,0.0,71.4
Hank Baskett,3220,WR,16,PHI,164,21,12.8,111,67.7,14,12.6,10,0,87,0.78,1,0.0,71.4
Todd Heap,801,TE,6,BLT,160,31,19.4,29,18.1,7,24.1,5,0,47,1.62,0,0.0,71.4
Ted Ginn Jr.,3625,WR,16,MIA,383,65,17.0,64,16.7,7,10.9,5,0,146,2.28,1,0.0,71.4
Chris Baker,1091,TE,15,NYJ,388,60,15.5,248,63.9,41,16.5,29,2,290,1.17,2,6.5,70.7
Donald Lee,1465,TE,15,GB,315,61,19.4,83,26.3,17,20.5,12,2,134,1.61,2,14.3,70.6
Shaun McDonald,1418,WR,16,DET,537,118,22.0,332,61.8,68,20.5,48,4,605,1.82,4,7.7,70.6
Roddy White,2244,WR,16,ATL,591,132,22.3,66,11.2,10,15.2,7,0,99,1.50,0,0.0,70.0
Heath Miller,2247,TE,16,PIT,365,58,15.9,85,23.3,10,11.8,7,0,104,1.22,1,0.0,70.0
Deion Branch,1072,WR,11,SEA,377,78,20.7,66,17.5,10,15.2,7,1,88,1.33,0,12.5,70.0
Brandon Marshall,3064,WR,16,DEN,532,167,31.4,33,6.2,13,39.4,9,1,82,2.48,1,10.0,69.2
David Martin,916,TE,15,MIA,390,49,12.6,154,39.5,16,10.4,11,1,101,0.66,0,8.3,68.8
Jason Avant,3054,WR,15,PHI,184,33,17.9,176,95.7,32,18.2,22,1,259,1.47,2,4.3,68.8
Chris Cooley,1802,TE,16,WAS,457,103,22.5,204,44.6,41,20.1,28,1,305,1.50,3,3.4,68.3
Derrick Mason,271,WR,16,BLT,596,151,25.3,371,62.2,88,23.7,60,2,543,1.46,3,3.2,68.2
T.J. Houshmandzadeh,921,WR,16,CIN,577,164,28.4,369,64.0,92,24.9,62,7,625,1.69,4,10.1,67.4
Roy Williams,1728,WR,12,DET,448,101,22.5,40,8.9,6,15.0,4,1,34,0.85,1,20.0,66.7
Antwaan Randle El,1069,WR,15,WAS,408,77,18.9,210,51.5,30,14.3,20,1,298,1.42,0,4.8,66.7
Daniel Wilcox,1002,TE,5,BLT,74,10,13.5,24,32.4,3,12.5,2,1,7,0.29,0,33.3,66.7
Malcom Floyd,2044,WR,6,SD,94,13,13.8,16,17.0,3,18.8,2,0,25,1.56,0,0.0,66.7
Anthony Gonzalez,3648,WR,13,IND,260,51,19.6,55,21.2,12,21.8,8,2,129,2.35,0,20.0,66.7
Troy Williamson,2224,WR,11,MIN,166,37,22.3,10,6.0,3,30.0,2,1,21,2.10,0,33.3,66.7
Hines Ward,380,WR,13,PIT,398,107,26.9,210,52.8,51,24.3,34,3,360,1.71,2,8.1,66.7
Lawrence Vickers,3125,FB,16,CLV,153,23,15.0,14,9.2,3,21.4,2,0,9,0.64,0,0.0,66.7
Jerheme Urban,1709,WR,10,ARZ,201,36,17.9,169,84.1,30,17.8,20,2,309,1.83,1,9.1,66.7
Steve Heiden,481,TE,16,CLV,202,20,9.9,63,31.2,6,9.5,4,0,35,0.56,0,0.0,66.7
Peerless Price,473,WR,4,BUF,83,11,13.3,22,26.5,6,27.3,4,1,46,2.09,0,20.0,66.7
Reggie Brown,2252,WR,16,PHI,596,104,17.4,76,12.8,9,11.8,6,0,87,1.14,2,0.0,66.7
Greg Lewis,1650,WR,15,PHI,148,21,14.2,117,79.1,18,15.4,12,0,252,2.15,3,0.0,66.7
Marques Colston,3197,WR,16,NO,548,143,26.1,277,50.5,65,23.5,43,4,564,2.04,5,8.5,66.2
Dallas Clark,1340,TE,15,IND,458,92,20.1,296,64.6,54,18.2,35,7,361,1.22,8,16.7,64.8
Joe Jurevicius,365,WR,16,CLV,412,80,19.4,186,45.1,28,15.1,18,2,224,1.20,2,10.0,64.3
Kevin Walter,1549,WR,16,HST,498,101,20.3,181,36.3,36,19.9,23,1,255,1.41,3,4.2,63.9
Bobby Wade,1448,WR,16,MIN,438,81,18.5,285,65.1,47,16.5,30,2,331,1.16,3,6.3,63.8
Dwayne Bowe,3639,WR,16,KC,556,118,21.2,129,23.2,22,17.1,14,0,194,1.50,0,0.0,63.6
Keenan McCardell,19,WR,9,WAS,154,31,20.1,57,37.0,11,19.3,7,1,89,1.56,0,12.5,63.6
Desmond Clark,529,TE,16,CHI,405,60,14.8,92,22.7,11,12.0,7,1,46,0.50,1,12.5,63.6
Michael Jenkins,1750,WR,15,ATL,419,81,19.3,398,95.0,76,19.1,48,7,495,1.24,3,12.7,63.2
Chris Chambers,821,WR,10,SD,285,58,20.4,39,13.7,8,20.5,5,0,39,1.00,1,0.0,62.5
Joe Horn,199,WR,12,ATL,331,47,14.2,104,31.4,24,23.1,15,1,131,1.26,1,6.3,62.5
Jeff King,3100,TE,16,CAR,443,74,16.7,218,49.2,45,20.6,28,3,228,1.05,1,9.7,62.2
Antonio Gates,1609,TE,16,SD,475,109,22.9,208,43.8,39,18.8,24,2,300,1.44,3,7.7,61.5
Roscoe Parrish,2272,WR,16,BUF,261,56,21.5,130,49.8,26,20.0,16,1,153,1.18,0,5.9,61.5
Muhsin Muhammad,173,WR,16,CHI,565,74,13.1,202,35.8,18,8.9,11,1,182,0.90,2,8.3,61.1
Laurent Robinson,3691,WR,15,ATL,358,69,19.3,32,8.9,5,15.6,3,0,36,1.13,0,0.0,60.0
John Madsen,3408,TE,16,OAK,98,13,13.3,24,24.5,5,20.8,3,1,32,1.33,1,25.0,60.0
Plaxico Burress,586,WR,16,NYG,555,136,24.5,70,12.6,10,14.3,6,0,84,1.20,2,0.0,60.0
Michael Clayton,1736,WR,14,TB,256,35,13.7,42,16.4,10,23.8,6,1,86,2.05,0,14.3,60.0
Devery Henderson,1771,WR,16,NO,352,45,12.8,98,27.8,10,10.2,6,3,224,2.29,2,33.3,60.0
Devard Darling,1803,WR,13,BLT,219,35,16.0,25,11.4,5,20.0,3,1,68,2.72,2,25.0,60.0
Steve Breaston,3758,WR,7,ARZ,58,14,24.1,18,31.0,5,27.8,3,1,50,2.78,0,25.0,60.0
James Jones,3694,WR,16,GB,494,77,15.6,30,6.1,5,16.7,3,0,43,1.43,0,0.0,60.0
Koren Robinson,2864,WR,9,GB,132,34,25.8,45,34.1,10,22.2,6,0,51,1.13,0,0.0,60.0
Patrick Crayton,1932,WR,15,DAL,487,79,16.2,216,44.4,35,16.2,21,3,224,1.04,3,12.5,60.0
Brandon Stokley,498,WR,13,DEN,305,68,22.3,184,60.3,47,25.5,28,2,414,2.25,2,6.7,59.6
Rashied Davis,2554,WR,16,CHI,213,30,14.1,208,97.7,29,13.9,17,3,165,0.79,0,15.0,58.6
Terrell Owens,188,WR,15,DAL,518,141,27.2,130,25.1,36,27.7,21,4,454,3.49,4,16.0,58.3
Torry Holt,441,WR,16,STR,600,142,23.7,53,8.8,12,22.6,7,0,77,1.45,0,0.0,58.3
Larry Fitzgerald,1724,WR,15,ARZ,580,153,26.4,53,9.1,12,22.6,7,1,101,1.91,2,12.5,58.3
Jacoby Jones,3689,WR,14,HST,121,23,19.0,72,59.5,12,16.7,7,1,54,0.75,0,12.5,58.3
Brad Smith,3048,WR,16,NYJ,409,63,15.4,125,30.6,19,15.2,11,2,91,0.73,0,15.4,57.9
Kellen Winslow,1727,TE,16,CLV,542,136,25.1,312,57.6,78,25.0,45,2,617,1.98,2,4.3,57.7
Steve Smith,837,WR,15,CAR,479,139,29.0,130,27.1,40,30.8,23,3,217,1.67,0,11.5,57.5
Randy McMichael,1114,TE,16,STR,396,61,15.4,69,17.4,14,20.3,8,0,53,0.77,0,0.0,57.1
Kyle Brady,118,TE,14,NE,130,15,11.5,51,39.2,7,13.7,4,0,34,0.67,0,0.0,57.1
Calvin Johnson,3618,WR,15,DET,431,89,20.6,65,15.1,14,21.5,8,1,131,2.02,0,11.1,57.1
Derek Hagan,3027,WR,16,MIA,329,59,17.9,39,11.9,7,17.9,4,1,39,1.00,0,20.0,57.1
Marques Hagans,3089,WR,3,STR,79,15,19.0,49,62.0,7,14.3,4,1,37,0.76,0,20.0,57.1
Josh Reed,1043,WR,15,BUF,386,82,21.2,177,45.9,44,24.9,25,1,280,1.58,0,3.8,56.8
Isaac Bruce,80,WR,14,STR,419,98,23.4,64,15.3,23,35.9,13,0,164,2.56,0,0.0,56.5
Jeremy Shockey,1021,TE,14,NYG,423,87,20.6,100,23.6,16,16.0,9,1,120,1.20,0,10.0,56.3
L.J. Smith,1376,TE,10,PHI,224,40,17.9,54,24.1,9,16.7,5,1,40,0.74,1,16.7,55.6
Amani Toomer,169,WR,16,NYG,570,99,17.4,294,51.6,49,16.7,27,4,345,1.17,1,12.9,55.1
Ronald Curry,1199,WR,16,OAK,471,92,19.5,236,50.1,52,22.0,28,6,321,1.36,1,17.6,53.8
Reggie Wayne,800,WR,16,IND,543,148,27.3,109,20.1,32,29.4,17,1,260,2.39,2,5.6,53.1
Arnaz Battle,1499,WR,16,SF,544,91,16.7,271,49.8,51,18.8,27,4,364,1.34,2,12.9,52.9
Drew Carter,1881,WR,16,CAR,400,73,18.3,132,33.0,19,14.4,10,2,112,0.85,1,16.7,52.6
Greg Olsen,3647,TE,14,CHI,238,63,26.5,85,35.7,21,24.7,11,3,81,0.95,0,21.4,52.4
Drew Bennett,941,WR,14,STR,339,69,20.4,186,54.9,35,18.8,18,3,224,1.20,1,14.3,51.4
Darrell Jackson,639,WR,15,SF,448,97,21.7,36,8.0,6,16.7,3,0,17,0.47,0,0.0,50.0
Kevin Curtis,1389,WR,16,PHI,616,126,20.5,26,4.2,2,7.7,1,0,24,0.92,1,0.0,50.0
Devin Aromashodu,3178,WR,6,IND,90,15,16.7,15,16.7,2,13.3,1,0,28,1.87,0,0.0,50.0
Kris Wilson,1782,FB,16,KC,250,45,18.0,50,20.0,10,20.0,5,1,46,0.92,0,16.7,50.0
Jason Dunn,178,TE,15,KC,56,3,5.4,9,16.1,2,22.2,1,1,1,0.11,0,50.0,50.0
Casey Fitzsimmons,1607,TE,16,DET,63,9,14.3,7,11.1,2,28.6,1,0,5,0.71,0,0.0,50.0
Joshua Cribbs,2544,WR,11,CLV,28,5,17.9,3,10.7,2,66.7,1,0,18,6.00,0,0.0,50.0
Aundrae Allison,3762,WR,10,MIN,100,18,18.0,21,21.0,4,19.0,2,0,39,1.86,0,0.0,50.0
Sean McHugh,1955,TE,15,DET,178,27,15.2,14,7.9,2,14.3,1,1,6,0.43,0,50.0,50.0
Sidney Rice,3660,WR,13,MIN,221,49,22.2,13,5.9,2,15.4,1,0,22,1.69,0,0.0,50.0
Daniel Coats,3908,TE,15,CIN,117,15,12.8,28,23.9,2,7.1,1,1,11,0.39,0,50.0,50.0
Javon Walker,1027,WR,8,DEN,208,49,23.6,36,17.3,12,33.3,6,1,59,1.64,0,14.3,50.0
Randy Moss,342,WR,16,NE,586,157,26.8,75,12.8,10,13.3,5,0,63,0.84,3,0.0,50.0
Mike Williams,2227,WR,6,OAK,107,20,18.7,40,37.4,2,5.0,1,1,6,0.15,0,50.0,50.0
Glenn Martinez,2112,WR,12,DEN,205,24,11.7,52,25.4,4,7.7,2,1,24,0.46,0,33.3,50.0
Troy Bienemann,4195,TE,16,ARZ,113,10,8.8,30,26.5,4,13.3,2,0,20,0.67,0,0.0,50.0
Visanthe Shiancoe,1406,TE,16,MIN,317,38,12.0,42,13.2,4,9.5,2,0,10,0.24,0,0.0,50.0
Lee Evans,1734,WR,16,BUF,455,105,23.1,52,11.4,8,15.4,4,0,95,1.83,1,0.0,50.0
Joseph Kowalewski,3386,TE,13,NYJ,81,8,9.9,39,48.1,2,5.1,1,1,6,0.15,0,50.0,50.0
Donte' Stallworth,1020,WR,16,NE,444,69,15.5,33,7.4,4,12.1,2,0,53,1.61,0,0.0,50.0
Nate Washington,2832,WR,16,PIT,371,53,14.3,165,44.5,12,7.3,6,1,128,0.78,1,14.3,50.0
Jim Kleinsasser,469,TE,16,MIN,114,8,7.0,12,10.5,2,16.7,1,0,2,0.17,1,0.0,50.0
Santonio Holmes,2970,WR,13,PIT,377,85,22.5,65,17.2,10,15.4,5,0,79,1.22,1,0.0,50.0
Seneca Wallace,1422,QB,7,SEA,19,3,15.8,7,36.8,2,28.6,1,0,29,4.14,0,0.0,50.0
DeShaun Foster,1041,HB,16,CAR,180,37,20.6,8,4.4,2,25.0,1,0,5,0.63,0,0.0,50.0
Steven Jackson,1745,HB,12,STR,241,47,19.5,20,8.3,2,10.0,1,1,8,0.40,0,50.0,50.0
Keary Colbert,1783,WR,12,CAR,389,63,16.2,111,28.5,20,18.0,10,1,69,0.62,0,9.1,50.0
Ruvell Martin,2111,WR,15,GB,240,28,11.7,48,20.0,4,8.3,2,0,49,1.02,2,0.0,50.0
Brent Celek,3778,TE,16,PHI,156,19,12.2,27,17.3,2,7.4,1,0,5,0.19,0,0.0,50.0
Ryne Robinson,3734,WR,9,CAR,50,8,16.0,16,32.0,6,37.5,3,0,29,1.81,0,0.0,50.0
Bo Scaife,2396,TE,16,TEN,337,72,21.4,171,50.7,28,16.4,14,1,133,0.78,1,6.7,50.0
Vincent Jackson,2278,WR,16,SD,458,75,16.4,99,21.6,12,12.1,6,1,168,1.70,1,14.3,50.0
Reche Caldwell,1055,WR,8,WAS,142,19,13.4,10,7.0,2,20.0,1,0,6,0.60,0,0.0,50.0
Ben Hartsock,1789,TE,16,TEN,152,18,11.8,28,18.4,4,14.3,2,1,9,0.32,0,33.3,50.0
Yamon Figurs,3690,WR,5,BLT,11,3,27.3,9,81.8,2,22.2,1,0,36,4.00,0,0.0,50.0
Will Heller,1623,TE,15,SEA,154,24,15.6,2,1.3,2,100.0,1,1,3,1.50,0,50.0,50.0
Sam Hurd,3362,WR,16,DAL,315,36,11.4,32,10.2,2,6.3,1,0,13,0.41,0,0.0,50.0
Nate Burleson,1386,WR,16,SEA,517,91,17.6,69,13.3,17,24.6,8,1,96,1.39,1,11.1,47.1
Sean Morey,538,WR,8,ARZ,92,16,17.4,81,88.0,15,18.5,7,2,120,1.48,0,22.2,46.7
Marty Booker,487,WR,15,MIA,520,99,19.0,238,45.8,28,11.8,13,3,134,0.56,0,18.8,46.4
Dane Looker,755,WR,13,STR,91,13,14.3,76,83.5,11,14.5,5,0,30,0.39,0,0.0,45.5
Ben Obomanu,3194,WR,13,SEA,181,28,15.5,54,29.8,11,20.4,5,3,81,1.50,1,37.5,45.5
Braylon Edwards,2220,WR,16,CLV,571,147,25.7,73,12.8,7,9.6,3,1,45,0.62,1,25.0,42.9
Devin Hester,3002,WR,15,CHI,159,37,23.3,10,6.3,5,50.0,2,0,10,1.00,0,0.0,40.0
Marcedes Lewis,2973,TE,16,JAX,301,53,17.6,39,13.0,5,12.8,2,0,23,0.59,0,0.0,40.0
Ben Troupe,1761,TE,14,TEN,75,10,13.3,32,42.7,5,15.6,2,0,22,0.69,0,0.0,40.0
Cedrick Wilson,901,WR,16,PIT,233,30,12.9,35,15.0,5,14.3,2,0,23,0.66,0,0.0,40.0
Bryan Gilmore,727,WR,9,SF,124,18,14.5,38,30.6,5,13.2,2,1,18,0.47,0,33.3,40.0
Joey Galloway,117,WR,15,TB,457,95,20.8,93,20.4,21,22.6,8,1,117,1.26,1,11.1,38.1
Dante' Hall,677,WR,6,STR,47,11,23.4,31,66.0,8,25.8,3,3,21,0.68,0,50.0,37.5
Bryant Johnson,1333,WR,16,ARZ,478,83,17.4,88,18.4,8,9.1,3,1,37,0.42,0,25.0,37.5
Santana Moss,786,WR,14,WAS,450,108,24.0,58,12.9,11,19.0,4,2,41,0.71,0,33.3,36.4
Roydell Williams,2353,WR,16,TEN,386,86,22.3,16,4.1,3,18.8,1,0,3,0.19,0,0.0,33.3
Mark Clayton,2239,WR,16,BLT,514,86,16.7,59,11.5,9,15.3,3,0,16,0.27,0,0.0,33.3
Tim Carter,1053,WR,16,CLV,281,19,6.8,65,23.1,3,4.6,1,1,21,0.32,1,50.0,33.3
J.J. Arrington,2261,HB,16,ARZ,181,36,19.9,16,8.8,3,18.8,1,1,11,0.69,0,50.0,33.3
Chris Chambers,821,WR,6,MIA,215,60,27.9,18,8.4,3,16.7,1,0,7,0.39,0,0.0,33.3
Bubba Franks,592,TE,8,GB,134,31,23.1,21,15.7,3,14.3,1,0,7,0.33,0,0.0,33.3
Eddie Kennison,161,WR,7,KC,164,25,15.2,30,18.3,3,10.0,1,1,4,0.13,0,50.0,33.3
Anthony Fasano,2998,TE,16,DAL,182,21,11.5,43,23.6,3,7.0,1,1,12,0.28,0,50.0,33.3
Chad Johnson,806,WR,16,CIN,573,158,27.6,36,6.3,12,33.3,4,3,36,1.00,0,42.9,33.3
Alge Crumpler,805,TE,14,ATL,354,67,18.9,55,15.5,3,5.5,1,0,21,0.38,0,0.0,33.3
Jerry Porter,617,WR,16,OAK,466,90,19.3,52,11.2,7,13.5,2,0,27,0.52,0,0.0,28.6
Leon Washington,3062,HB,16,NYJ,186,49,26.3,30,16.1,4,13.3,1,0,5,0.17,0,0.0,25.0
Dwayne Jarrett,3661,WR,6,CAR,78,13,16.7,37,47.4,4,10.8,1,1,4,0.11,0,50.0,25.0
Tim Dwight,390,WR,6,OAK,103,14,13.6,20,19.4,4,20.0,1,1,22,1.10,0,50.0,25.0
Michael Gaines,1946,TE,15,BUF,146,35,24.0,18,12.3,4,22.2,1,2,3,0.17,0,66.7,25.0
Brian Westbrook,1094,HB,15,PHI,464,109,23.5,43,9.3,5,11.6,1,1,18,0.42,0,50.0,20.0
Kolby Smith,3764,HB,9,KC,173,28,16.2,5,2.9,1,20.0,0,0,0,0.00,0,,0.0
Jeff Webb,3135,WR,16,KC,332,55,16.6,33,9.9,2,6.1,0,1,0,0.00,0,100.0,0.0
Chad Owens,2402,WR,1,JAX,16,1,6.3,9,56.3,1,11.1,0,0,0,0.00,0,,0.0
Greg Estandia,3597,TE,9,JAX,55,16,29.1,5,9.1,2,40.0,0,0,0,0.00,0,,0.0
John Broussard,3845,WR,8,JAX,54,10,18.5,6,11.1,1,16.7,0,0,0,0.00,0,,0.0
Garrett Mills,3051,TE,1,MIN,8,3,37.5,2,25.0,1,50.0,0,0,0,0.00,0,,0.0
Billy Bajema,2466,TE,11,SF,33,1,3.0,4,12.1,1,25.0,0,0,0,0.00,0,,0.0
Michael Matthews,4218,TE,16,NYG,88,13,14.8,11,12.5,1,9.1,0,0,0,0.00,0,,0.0
Brian Clark,3271,WR,4,DEN,18,5,27.8,10,55.6,1,10.0,0,0,0,0.00,0,,0.0
Taylor Jacobs,1360,WR,4,SF,80,9,11.3,24,30.0,2,8.3,0,0,0,0.00,0,,0.0
Ashley Lelie,1026,WR,13,SF,217,25,11.5,20,9.2,1,5.0,0,0,0,0.00,0,,0.0
Chester Taylor,1182,HB,14,MIN,205,39,19.0,1,0.5,1,100.0,0,0,0,0.00,0,,0.0
Chad Mustard,1668,TE,6,DEN,45,7,15.6,5,11.1,1,20.0,0,0,0,0.00,0,,0.0
Anthony Mix,3436,WR,1,NYG,18,5,27.8,1,5.6,1,100.0,0,0,0,0.00,0,,0.0
Brandon Jacobs,2327,HB,11,NYG,154,33,21.4,2,1.3,1,50.0,0,1,0,0.00,0,100.0,0.0
Leonard Weaver,2835,FB,16,SEA,273,48,17.6,2,0.7,1,50.0,0,1,0,0.00,0,100.0,0.0
Lamont Jordan,819,HB,12,OAK,145,32,22.1,1,0.7,1,100.0,0,0,0,0.00,0,,0.0
Marcus Pollard,151,TE,14,SEA,226,34,15.0,14,6.2,2,14.3,0,0,0,0.00,0,,0.0
Edgerrin James,439,HB,16,ARZ,232,32,13.8,25,10.8,2,8.0,0,1,0,0.00,0,100.0,0.0
Ben Patrick,3831,TE,8,ARZ,76,9,11.8,13,17.1,2,15.4,0,1,0,0.00,0,100.0,0.0
Justin Fargas,1410,HB,13,OAK,167,30,18.0,1,0.6,1,100.0,0,0,0,0.00,0,,0.0
Justin McCareins,872,WR,16,NYJ,336,40,11.9,53,15.8,3,5.7,0,1,0,0.00,0,100.0,0.0
Aaron Moorehead,1665,WR,6,IND,140,23,16.4,14,10.0,3,21.4,0,0,0,0.00,0,,0.0
Musa Smith,1392,HB,16,BLT,135,30,22.2,4,3.0,1,25.0,0,1,0,0.00,0,100.0,0.0
Cedric Benson,2221,HB,11,CHI,114,26,22.8,4,3.5,1,25.0,0,0,0,0.00,0,,0.0
Marion Barber III,2326,HB,16,DAL,232,50,21.6,1,0.4,1,100.0,0,0,0,0.00,0,,0.0
Lee Vickers,3542,TE,5,BLT,32,5,15.6,3,9.4,1,33.3,0,0,0,0.00,0,,0.0
Christian Fauria,130,TE,13,CAR,44,6,13.6,9,20.5,1,11.1,0,0,0,0.00,0,,0.0
Brad Hoover,740,FB,16,CAR,131,13,9.9,12,9.2,1,8.3,0,0,0,0.00,0,,0.0
Marshawn Lynch,3628,HB,13,BUF,135,23,17.0,3,2.2,1,33.3,0,0,0,0.00,0,,0.0
Michael Gasperson,2890,WR,1,PHI,2,1,50.0,2,100.0,1,50.0,0,1,0,0.00,0,100.0,0.0
James Thrash,323,WR,12,WAS,146,17,11.6,22,15.1,1,4.5,0,0,0,0.00,0,,0.0
